"Charleston area lost more than 10000 acres of tree cover since 1992, making floods worse",A new analysis for The Post and Courier's Rising Waters project shows how the Charleston area's unprecedented building boom has made us more vulnerable ...,6 minutes ago,2020-12-14 11:05:02,news.google.com/./articles/CBMisQFodHRwczovL3d3dy5wb3N0YW5kY291cmllci5jb20vcmlzaW5nLXdhdGVycy9jaGFybGVzdG9uLWFyZWEtbG9zdC1tb3JlLXRoYW4tMTAtMDAwLWFjcmVzLW9mLXRyZWUtY292ZXItc2luY2UtMTk5Mi1tYWtpbmctZmxvb2RzL2FydGljbGVfYTIwMmE3NDQtZjgzYS0xMWVhLWE0NDYtOTM1YzBmNTI0ZjQ3Lmh0bWzSAQA?hl=en-IN&gl=IN&ceid=IN%3Aen,https://lh6.googleusercontent.com/proxy/0yhVHIvBdK-HGw2nFxAHXsjoIVp0na151krnNo9wfmwvjzV5RYeMKOFCc3t49AlgJOuCgmWQVa1D9YhZbIV2zU9rADHGHYdTsv2wwi4gcvdjxDDxBu_DZh8_QdcMUkN9IkW9WI5HmrzKOywomSrirMXroujGLoJhxiZkhWtDnUBcwTwh5dxvUIVi1YMAkoozbjiwYimC6L1WrOzOemrsKvu8XU65DOu6Gp7V4q-HMAKMSQwYA7Ranc8vJbTNr2-3f37r-j711sIF=-p-df-h100-w100,,Charleston Post Courier
Emergency Experts Contemplate What FEMA Should Do Next,"People walk down a flooded street after Hurricane Delta made landfall in Lake Charles, Louisiana, U.S., on Saturday, Oct. 10, 2020. Delta weakened to a tropical depression as it moved inland over northeastern Louisiana, knocking out power lines and drenching an area still recovering from the onslaught of Hurricane Laura.",55 minutes ago,2020-12-14 10:15:33,news.google.com/./articles/CAIiEOinndFlOI1cpqOz0me8GlcqGQgEKhAIACoHCAow4uzwCjCF3bsCMIrOrwM?hl=en-IN&gl=IN&ceid=IN%3Aen,https://lh3.googleusercontent.com/F9oU1g49Gs7b3kkI_xzhTQ5vzHUOJV5HiLpRXGn6TJVkABp7wTT4ZOogayGHuJMFH4IAVVcUSEkbxwspvXE=-p-df-h100-w100,,Bloomberg
Karnataka: Central team to assess flood damage today,The state government has estimated losses due to recent floods at Rs 15410 crore.,2 hours ago,2020-12-14 08:42:46,news.google.com/./articles/CAIiEDXxTP5aavyU01iFGr57_KMqGQgEKhAIACoHCAowzrL9CjDC7vQCMKCT1wU?hl=en-IN&gl=IN&ceid=IN%3Aen,https://lh3.googleusercontent.com/-kT97eh6b8_y1XWHKEUC_XUTHIAe8kLTU6N1dOM2An4nXFbGDIMbwk7VqAtaXZ85Y18yR7VTgPj76RGYQg=-p-df-h100-w100,,Times of India
Flooding hits Brisbane as king tide lashes the east coast,Flooding is occurring in parts of Brisbane as a king tide combines with heavy rain and strong winds.,2 hours ago,2020-12-14 08:32:00,news.google.com/./articles/CAIiEMK1yzQf4QPmEnIpnBYBqmAqGQgEKhAIACoHCAowpLPzCjDR6IMDMOKTxwY?hl=en-IN&gl=IN&ceid=IN%3Aen,https://lh3.googleusercontent.com/UakXdcOV8RESJYjkTCbvkS79H9cJvAJ7W4-kHWzdroDEbkwHLMRSJL1Q70LtN2_jtKnTC8LETBQXrEyestIa=-p-df-h100-w100,,9News
Cork businesses on alert after City Council issues flood warning,Cork City businesses could be set to face another hurdle with the city council issuing an alert for possible significant flooding this week. A tidal surge combined ...,4 hours ago,2020-12-14 07:05:04,news.google.com/./articles/CAIiEMxvOVtngnC9H53kk36zIj8qGQgEKhAIACoHCAownbKWCzCw160DMIHh5gY?hl=en-IN&gl=IN&ceid=IN%3Aen,https://lh3.googleusercontent.com/BXuEXRhXN_ZJnoNwDr4QPvqSEqR-Lzkq0lzFe0V8jBH3OzjcpihlyltzehDtUAqPJlWSc__dMOWNvQm1Gg=-p-df-h100-w100,,EchoLive.ie
Steady path but some concerns about timing of stock release,Wool trade wants to avoid a rush of grower-held stocks to come flooding on to the market in 2021.,8 hours ago,2020-12-14 03:00:00,news.google.com/./articles/CBMimAFodHRwczovL3d3dy5xdWVlbnNsYW5kY291bnRyeWxpZmUuY29tLmF1L3N0b3J5LzcwNTM1NTIvZ2xvYmFsLXdvb2wtYnV5ZXJzLWRvbnQtd2FudC1hLWZsb29kLW9mLXN0b2Nrcy1vbi10by10aGUtbWFya2V0LXRvLXVwc2V0LWN1cnJlbnQtYmFsYW5jZS8_Y3M9NDcxMNIBAA?hl=en-IN&gl=IN&ceid=IN%3Aen,https://lh6.googleusercontent.com/proxy/fS7JdHNy_AHqL4v6t9FEezIrLFtMVUNL84nyoD46i8Ip5JKZwvQof1dEJa3ZH79-NeKKjnBW4X_YZu9wiPJ_2bbfuzBzVyA9QvW-5yyKHQWaHEb-fbT_lNjY4URwM9I2bN9WAf6d4wzCtOuNSIrVUoz_VSZNXr_DWwCIx3-4igGsWoXkjCzxOpp_-MLVhdF_2R4ZIrEr_rSPOLwCQ7ZSKmhHfNE8V9UOje4N-lPO_egmyBgHeZKP1upyGawHrg=-p-df-h100-w100,,Queensland Country Life
FLOOD WATCH: All eyes on the upper Clarence catchment,"After heavy rainfalls and more predicted, upstream residents consider whether we could be in for our first ever December flood.",11 hours ago,2020-12-14 00:03:00,news.google.com/./articles/CBMiYWh0dHBzOi8vd3d3LmRhaWx5ZXhhbWluZXIuY29tLmF1L25ld3MvZmxvb2Qtd2F0Y2gtYWxsLWV5ZXMtb24tdGhlLXVwcGVyLWNsYXJlbmNlLWNhdGNobWUvNDE1Nzg2OS_SAQA?hl=en-IN&gl=IN&ceid=IN%3Aen,https://lh5.googleusercontent.com/proxy/QwFW8ZHTAVboaxud9U7rbjXhxnSLg10skKJo7r9ex3Pb_vyL1BZB_TkyQW_bu8UFk6RZpy_gmaDNbX-XJeydcKfMQ2DnuNvJnMYk6eNYDMBbYEVZB7WMqQW-UrpGIuCzLlRMriltKoQpfq-tLrFrBZRhXdwZSa0LdJlABs56rkuZhwEUIByBK2p4wmNxfgyH=-p-df-h100-w100,,Daily Examiner
Temporary bridges in Main Arm badly damaged in flood water,According to locals in Main Arm the two temporary bridges near Kohinur Hall have been badly damaged making them impassable in the recent rains and ...,11 hours ago,2020-12-13 23:48:45,news.google.com/./articles/CBMiWWh0dHBzOi8vd3d3LmVjaG8ubmV0LmF1LzIwMjAvMTIvdGVtcG9yYXJ5LWJyaWRnZXMtaW4tbWFpbi1hcm0td2FzaGVkLWF3YXktaW4tZmxvb2Qtd2F0ZXIv0gEA?hl=en-IN&gl=IN&ceid=IN%3Aen,https://lh6.googleusercontent.com/proxy/urk9Jg-JLj-Csl8euJGmyWY-2Z48_5uZHIZHeAR_pOHEOYovxMC3bvWZXPfVd417jpFNY4hAa7MVYfOXIgENJ7YdorT7SrOdvE1ILrMf5lSLQgbLMTTh_uYUzGnebaW0HyrxU13dwAP76Edmgg=-p-df-h100-w100,,Echonetdaily
"FULL LIST: Roads flooded, traffic lights out as heavy rain lashes the Gold Coast","Gold Coast motorists are being urged to take it easy on the roads this mornings, with heavy rain and damaging winds continuing to wreak havoc across the city.",13 hours ago,2020-12-13 21:51:15,news.google.com/./articles/CBMiVGh0dHBzOi8vd3d3Lm15Z2MuY29tLmF1L2Z1bGwtbGlzdC1yb2Fkcy1mbG9vZGVkLWFzLWhlYXZ5LXJhaW4tbGFzaGVzLXRoZS1nb2xkLWNvYXN0L9IBAA?hl=en-IN&gl=IN&ceid=IN%3Aen,https://lh3.googleusercontent.com/proxy/h2Y5TnsuZdQjDzHO-vhG0Pbzueh9LrKc81J8CWMyHlo5jl7LdusKjrzUr9GX6rmYwvJC4F3FOuFnwVd5-y3eHZyda87nxlTINZCodZEewOm4KQh72HHvIs4z=-p-df-h100-w100,,myGC.com.au
Shoppers flood Italian cities as government debates Christmas curbs,"Crowds flooded the streets of several Italian cities on Sunday, forcing police to close off popular sites such as Rome's Trevi fountain, while the government ...",13 hours ago,2020-12-13 21:29:00,news.google.com/./articles/CBMilAFodHRwczovL3d3dy5yZXV0ZXJzLmNvbS9hcnRpY2xlL3VzLWhlYWx0aC1jb3JvbmF2aXJ1cy1pdGFseS1jcm93ZHMvc2hvcHBlcnMtZmxvb2QtaXRhbGlhbi1jaXRpZXMtYXMtZ292ZXJubWVudC1kZWJhdGVzLWNocmlzdG1hcy1jdXJicy1pZFVTS0JOMjhOMFRC0gE0aHR0cHM6Ly9tb2JpbGUucmV1dGVycy5jb20vYXJ0aWNsZS9hbXAvaWRVU0tCTjI4TjBUQg?hl=en-IN&gl=IN&ceid=IN%3Aen,https://lh4.googleusercontent.com/proxy/pSo8yjL-m7tVgeGpKEx5nKui5ox9WADXScufe29-kkR0v0nS7f4Lr8y0jlaDZB0RAPDP2Lpnn1cE-IUE_LQJGCnMZhwIFnid_HUs4l_oIyMZOKuLXcGDzXt2HZMVdvdArmyQnQaaR1u1J6XlPVGxwJEaANiSYBNs8FCEKGxHZSzRblRb17PKhg=-p-df-h100-w100,,Reuters
Advisory: Coastal Flood Advisory until 02:00PM Monday | News,WHAT...Minor tidal overflow flooding is anticipated at high tide. Large waves and hazardous surf conditions with breakers up to 22 feet are expected.,14 hours ago,2020-12-13 21:00:00,news.google.com/./articles/CBMimQFodHRwczovL3d3dy50aWxsYW1vb2toZWFkbGlnaHRoZXJhbGQuY29tL25ld3NfZnJlZS9hZHZpc29yeS1jb2FzdGFsLWZsb29kLWFkdmlzb3J5LXVudGlsLTAyLTAwcG0tbW9uZGF5L2FydGljbGVfOWMzNDcyYTYtM2NlMi0xMWViLTgwNjEtZDc4MmY4ZTAyYTdmLmh0bWzSAQA?hl=en-IN&gl=IN&ceid=IN%3Aen,https://lh5.googleusercontent.com/proxy/XNfzvAKLSUTcRmN9TPTWFPCFUZ2zoRYDX0amWBKpUPx7Bg6awoEe4O-zhXr8OqNhEoCZdF1ZWf0Ubaj0xr5uIsQ6mCeQ_V2ARvUZcPkspR868X7YOke5uSy_gcoVS7ayyeJxLu4OAzE9W3Tl3Hk-wHyf1emd9fMYQe2HKmbwZp-QAa5yJntTwfruxy8AWVBuI1HvtMAAHbihlptHoAVs3WcRy4terP-PC52yddCkPdJUxnqg9S89TzTldUr_j_eNdJIGCUAmE83Q8sc7fj_UZojC=-p-df-h100-w100,,Tillamook Headlight-Herald
Flooded Everglades: Boon for birds but high waters a threat,Flooded Everglades: Boon for birds but high waters a threatFlooded Everglades: Boon for birds but high waters a threat | Raleigh News & Observer,14 hours ago,2020-12-13 20:32:00,news.google.com/./articles/CAIiEP4B7AGWi2u-vmFf0D2YR6MqGQgEKhAIACoHCAownob-CjCUzPYCMK_h3AU?hl=en-IN&gl=IN&ceid=IN%3Aen,https://lh3.googleusercontent.com/4Bg0uon7y6XPaefnaOyTJWTmQcHnHZVDInaBekTfUT09Dmt-KaV0duG32-wZ_pT_rD5WvIaBjyrTmlrPuTA=-p-df-h100-w100,,Raleigh News & Observer
Emergency construction begins on portion of Edenville Dam that collapsed in May,"EDENVILLE, Mich. — Crews have started emergency construction work on a portion of a central Michigan dam that collapsed last spring and contributed to ...",16 hours ago,2020-12-13 18:46:43,news.google.com/./articles/CBMiiQFodHRwczovL3d3dy5mcmVlcC5jb20vc3RvcnkvbmV3cy9sb2NhbC9taWNoaWdhbi8yMDIwLzEyLzEzL2VtZXJnZW5jeS1jb25zdHJ1Y3Rpb24tYmVnaW5zLWVkZW52aWxsZS1kYW0tY29sbGFwc2VkLXNwcmluZy1yYWlucy82NTMwNzQxMDAyL9IBJGh0dHBzOi8vYW1wLmZyZWVwLmNvbS9hbXAvNjUzMDc0MTAwMg?hl=en-IN&gl=IN&ceid=IN%3Aen,https://lh4.googleusercontent.com/proxy/jTcwVh7hxUOvLd4ElrnmABsVi5Bs2qs1rwPSd9Z-BstqTDSCUIaXtk2W-K4E5yK9c047gPs5uidCfdlJelpd5pqJ0ZKFwmo9NgXODzFONwnYUPtnwdDkGiHk49ejQPCn5uA9eJcTWLw7z76QCijO3DkQ8sGHyZG2DFmF4HnhvjuRFg4EToNdBonE4uSeEeJdPz0CSaQaQcFh0gAL-8VoN-7QXVbomni4WvBQN5agoWay2JF7GiKFjpwOOOWYK6s=-p-df-h100-w100,,Detroit Free Press
Flood alerts issued for many parts of Pembrokeshire,FLOOD alerts have been issued for many parts of Pembrokeshire following the heavy rain. Flood warnings have been issued today by National Resources ...,19 hours ago,2020-12-13 15:44:00,news.google.com/./articles/CBMiXmh0dHBzOi8vd3d3Lndlc3Rlcm50ZWxlZ3JhcGguY28udWsvbmV3cy8xODk0MTMwOS5mbG9vZC1hbGVydHMtaXNzdWVkLW1hbnktcGFydHMtcGVtYnJva2VzaGlyZS_SAQA?hl=en-IN&gl=IN&ceid=IN%3Aen,https://lh4.googleusercontent.com/proxy/Yj1lDm5kGfHDisZff5Q4usf0QVFO8KwTwmntKlfCfx8-mlu0nK1PasyC1XGDtB_TG95thrK6I5VyQm4uPyPujGwDUGnUo7lDYAlKTQkpTH8=-p-df-h100-w100,,Western Telegraph
Holidaymakers and property buyers flood Queensland since border reopening,Queensland's property and rental markets are set to soar from one of the biggest southern migrations in history with reports of interstate home hunters and ...,20 hours ago,2020-12-13 14:30:44,news.google.com/./articles/CBMicWh0dHBzOi8vd3d3LmRvbWFpbi5jb20uYXUvbmV3cy9ob2xpZGF5bWFrZXJzLWFuZC1wcm9wZXJ0eS1idXllcnMtZmxvb2QtcXVlZW5zbGFuZC1zaW5jZS1ib3JkZXItcmVvcGVuaW5nLTEwMTQyNDkv0gF1aHR0cHM6Ly93d3cuZG9tYWluLmNvbS5hdS9uZXdzL2hvbGlkYXltYWtlcnMtYW5kLXByb3BlcnR5LWJ1eWVycy1mbG9vZC1xdWVlbnNsYW5kLXNpbmNlLWJvcmRlci1yZW9wZW5pbmctMTAxNDI0OS9hbXAv?hl=en-IN&gl=IN&ceid=IN%3Aen,https://lh3.googleusercontent.com/proxy/IWjMzevoI9n5uAlcK89ourQ1KA5U6yha_brBy7z0MeV6jXp12Pm-4LVaH7E_pQJIoLh-dMeSfdWJQqdM7V7dJImQVnxxxa-PVh-ykgZzM74lp18Q6tL4npci-U56127H8EAP3akjvVwUg2jR0SFUYVHIEzb48yfZXRMyvYnJI7s9iJhUuxF5aPWp0mC9ovh3MDlrbFMolEFhfk_y9cBN4B4LiWl2nTn1o_rYUxkM=-p-df-h100-w100,,Domain News
LETTERS: CQ can apply for flood mitigation funding,Letters to the editor and cartoonist Harry Bruce's view.,21 hours ago,2020-12-13 14:00:00,news.google.com/./articles/CBMiZWh0dHBzOi8vd3d3LnRoZW1vcm5pbmdidWxsZXRpbi5jb20uYXUvbmV3cy9sZXR0ZXJzLWNxLWNhbi1hcHBseS1mb3ItZmxvb2QtbWl0aWdhdGlvbi1mdW5kaW5nLzQxNTc1MTMv0gEA?hl=en-IN&gl=IN&ceid=IN%3Aen,https://lh3.googleusercontent.com/proxy/40kcesIcpOaKDFUF06zNQq2uY0J4RxUjZg2Qc642S-2DOSdLS328eS1_bZoiCjvZa8SkzH2Dqi8dVBQeFP-gS1YndAJJDR_5Ele-LmL1tLv2OVeq6M_v0F1sBuCA53_G1MglxK90EeEfuOG39udREx9SYSL-QcdoECVYOXkt7Qj-P2fhunpTq_Bh=-p-df-h100-w100,,Morning Bulletin
Holiday lights bring back flood of memories,"The bucket trucks were gathered on Main Street last Friday morning, with workers hanging lights and decorations in anticipation of this weekend's big reveal, ...",22 hours ago,2020-12-13 13:00:00,news.google.com/./articles/CBMihgFodHRwczovL3d3dy5ub3JtYW50cmFuc2NyaXB0LmNvbS9vcGluaW9uL2hvbGlkYXktbGlnaHRzLWJyaW5nLWJhY2stZmxvb2Qtb2YtbWVtb3JpZXMvYXJ0aWNsZV9kMzUwOWI5Mi0zY2YyLTExZWItOTY0Mi03ZmJjMGUyNzJmYmYuaHRtbNIBigFodHRwczovL3d3dy5ub3JtYW50cmFuc2NyaXB0LmNvbS9vcGluaW9uL2hvbGlkYXktbGlnaHRzLWJyaW5nLWJhY2stZmxvb2Qtb2YtbWVtb3JpZXMvYXJ0aWNsZV9kMzUwOWI5Mi0zY2YyLTExZWItOTY0Mi03ZmJjMGUyNzJmYmYuYW1wLmh0bWw?hl=en-IN&gl=IN&ceid=IN%3Aen,https://lh6.googleusercontent.com/proxy/LVqdy-MvbScePK8yFRlerH5cKWo3pVuXQO515-3WZrG-_I4q6xWfu1FNtLgLqXL29cm7CedPvZ7FHcrthTnZTJVjxAhfJCwkXBpxS_b2l1J3I9M9crHalp2v9r93kUw3HHWhJK-RUziaKEWXwXpP-dhh7BsyMD3Sr6KU6Oq_6a7pcBFu9UAAzvQqEGMQQtMC5g77hthjKOT1kBONMKHHYptFreU_k6535Ii6XmbGNXGdAwAcgtDMl-5FCA_ZucByG5yNllxmih9yZmZ3hae1Rt1iLp-JarNqTx9H9zlM8NJG7Nqlp3KGbhJKXuWAXzYXNf0RCBjf-_UC=-p-df-h100-w100,,Norman Transcript
Another View: Statewide network would improve floodplains,"By Jim Provenza, Gary Sandy and Robin Kulakow. In California's contentious water battles, finding points of agreement is a challenging task as diverse interests ...",22 hours ago,2020-12-13 12:48:22,news.google.com/./articles/CBMiYWh0dHBzOi8vd3d3LmRhaWx5ZGVtb2NyYXQuY29tLzIwMjAvMTIvMTMvYW5vdGhlci12aWV3LXN0YXRld2lkZS1uZXR3b3JrLXdvdWxkLWltcHJvdmUtZmxvb2RwbGFpbnPSAWZodHRwczovL3d3dy5kYWlseWRlbW9jcmF0LmNvbS8yMDIwLzEyLzEzL2Fub3RoZXItdmlldy1zdGF0ZXdpZGUtbmV0d29yay13b3VsZC1pbXByb3ZlLWZsb29kcGxhaW5zL2FtcC8?hl=en-IN&gl=IN&ceid=IN%3Aen,https://lh3.googleusercontent.com/proxy/SD8pDzwxMyPoeo0XT_wrNFZV9B8-TbiDJBY9d5XPWuorNtoMk2TA4TFsRNT242LMKQQE6Nnyf2n6reYWFp9OdBwhGZeMyJKg6SvxOc7yOhzifzNxqR28Lz_VtD440XGsNg=-p-df-h100-w100,,Woodland Daily Democrat
Rescue charity fears flood of dogs at end of lockdown,THE lockdowns and Covid restrictions are hurting Black Country animal charity Wild Acre Rescue – and yet they also fear its end. For while the end of lockdown ...,23 hours ago,2020-12-13 11:46:00,news.google.com/./articles/CBMiW2h0dHBzOi8vd3d3LmhhbGVzb3dlbm5ld3MuY28udWsvbmV3cy8xODk0MTAyNi5yZXNjdWUtY2hhcml0eS1mZWFycy1mbG9vZC1kb2dzLWVuZC1sb2NrZG93bi_SAQA?hl=en-IN&gl=IN&ceid=IN%3Aen,https://lh4.googleusercontent.com/proxy/btixGDPHaWIerVcY_ft_FsbwBB0g_UjxRdLp-0ADCoT-LZ7Qf8V_-u9QfQc1zn7-NCeyU-Oa1POUrRUEotzYY6NC1jEI21BZfFmQmuECoN8vA3oq3P8kHz0C43H4g--jym3RiOwMnkJ_DgumNCbn=-p-df-h100-w100,,Halesowen News
8 residents trapped by flash flood rescued in Apayao town,"PUDTOL, Apayao – Search and rescue teams from the Bureau of Fire Protection and the local Disaster Risk Reduction and Management Office on Sunday ...",Yesterday,2020-12-13 10:17:00,news.google.com/./articles/CBMiJ2h0dHBzOi8vd3d3LnBuYS5nb3YucGgvYXJ0aWNsZXMvMTEyNDYxMNIBAA?hl=en-IN&gl=IN&ceid=IN%3Aen,https://lh6.googleusercontent.com/proxy/AlHD_JHkrK9hG3wznfyf1xNuJ-D92mHq0tgNcUTg1Xdrd63mwLaDOSiEHZZfPYlenphXshdSrZrzp0atf2MC4D1C-FTre4tLHmQRRLMIVpks7atlNbhakjL62v_K4EOJ=-p-df-h100-w100,,pna.gov.ph
Football and rugby facing flood of claims over head injuries warning,"Former England rugby player Steve Thompson, who has revealed that he has early-onset dementia, is tackled during a six nations game against Wales.",Yesterday,2020-12-13 09:30:03,news.google.com/./articles/CAIiEGurM1MTiImxIlhZFJ46DpUqFggEKg4IACoGCAowl6p7MN-zCTCtvRU?hl=en-IN&gl=IN&ceid=IN%3Aen,https://lh3.googleusercontent.com/13BGHznJChxI959YCcHAnntTn0RwQ8JWCzKZ7zUZF2geK51LAvTb_oJ7AnHNMOywla9eOJbKjv5DAYR6ls8=-p-df-h100-w100,,The Guardian
SES warns against driving through floodwaters after making four rescues,The Commissioner of the NSW SES Carlene York has warned motorists against driving through floodwaters after four rescues were made in the past 24 hours ...,Yesterday,2020-12-13 01:59:00,news.google.com/./articles/CBMiXWh0dHBzOi8vd3d3LmFiYy5uZXQuYXUvbmV3cy8yMDIwLTEyLTEzL3Nlcy13YXJucy1hZ2FpbnN0LWRyaXZpbmctdGhyb3VnaC1mbG9vZHdhdGVycy8xMjk3OTIxONIBAA?hl=en-IN&gl=IN&ceid=IN%3Aen,https://lh6.googleusercontent.com/proxy/--RHxE1Q5VZmGHrTBSDSg39q0vvln4cXZmJD8iE9afp9lpjIcgkH2BBtepUUnuaaFin2Zuq2LlliBbXOXErtx_l74wTD7KKmV03741-h7A=-p-df-h100-w100,,ABC News
2020 been a challenging year for Gore District Mayor Tracy Hicks,"Gore District mayor Tracy Hicks doesn't usually show a lot of emotion. But when he's asked about what 2020 has taught him, he's surprised to find himself getting ...",Yesterday,2020-12-12 23:17:00,news.google.com/./articles/CBMid2h0dHBzOi8vd3d3LnN0dWZmLmNvLm56L3NvdXRobGFuZC10aW1lcy9uZXdzLzEyMzY2MzcxNS8yMDIwLWJlZW4tYS1jaGFsbGVuZ2luZy15ZWFyLWZvci1nb3JlLWRpc3RyaWN0LW1heW9yLXRyYWN5LWhpY2tz0gEA?hl=en-IN&gl=IN&ceid=IN%3Aen,https://lh5.googleusercontent.com/proxy/aWolofb4MUDRxoBcFswgS60DGv9rvjVIB4geyZ8RSyHDFGgcKuQixDJ4bJ1626TZQE8v7xBwELAC-AqkJMYK8w_50v6v0bA7Hwt9SklysRVx97Y0Cx4c7-a8PLaTgdswnLmGz-F4UoUkZG6OGhRLWSsRAqNoSaAucaTJnjhbdLlJyJCx5NnmBynkvNxAb7hgtY9t7qn54_7ge3oeyiaBvRo=-p-df-h100-w100,,Stuff.co.nz
"South-east Queensland on flood watch as heavy rainfall brings huge swells, high tides",A red flag and a no swimming sign at Southport beach during stormy conditions on the Gold Coast. (AAP: Dan Peled),Yesterday,2020-12-12 22:47:39,news.google.com/./articles/CAIiECc2y2hXZD5bF2Tz-NmQiQgqFggEKg4IACoGCAow3vI9MPeaCDDciw4?hl=en-IN&gl=IN&ceid=IN%3Aen,https://lh3.googleusercontent.com/m5BKmdM-JX76xfTIY2MbdCZMXG0NsaescXJaIoQNyRZQsQqauh8wi5kQTzcwdaLKb6rQVgX0mjM925pTG4U=-p-df-h100-w100,,ABC News
Kimono exhibit in Turkey aims to spotlight Kyushu flood damage : The Asahi Shimbun,"FUKUOKA--When torrential rains caused extensive hardship and damage in Kumamoto Prefecture this summer, Murat Ensici felt compelled to act.",Yesterday,2020-12-12 22:10:00,news.google.com/./articles/CBMiKmh0dHA6Ly93d3cuYXNhaGkuY29tL2Fqdy9hcnRpY2xlcy8xMzk3OTc2M9IBAA?hl=en-IN&gl=IN&ceid=IN%3Aen,https://lh3.googleusercontent.com/proxy/xmkl4r4UAIG1vDQNOmibvwsRb1etsJtdKRSfONcJy5yQCsk_rHInfRXpq4wLoVp4SWpoucjxjIUjJdf7HfgGBeOr5B1ZGs1zAySuVVgm4Wzf-1d4iA88tsS6Tg2tTGjQ9QJdtbf9R4ToW0aHQIGYKg=-p-df-h100-w100,,Asahi Shimbun
Downtown Charleston house hunters ask about home's flooding history first,"Prospective homebuyers in Charleston want to know one thing first: ""Did the house flood?"" That will play into further interest in the property and the price, ...",Yesterday,2020-12-12 21:05:19,news.google.com/./articles/CBMipwFodHRwczovL3d3dy5wb3N0YW5kY291cmllci5jb20vcmlzaW5nLXdhdGVycy9kb3dudG93bi1jaGFybGVzdG9uLWhvdXNlLWh1bnRlcnMtYXNrLWFib3V0LWhvbWVzLWZsb29kaW5nLWhpc3RvcnktZmlyc3QvYXJ0aWNsZV85MTZlNzlkOC00ZTg3LTExZWEtYWI2MS02M2MzNWUzMjllMTYuaHRtbNIBAA?hl=en-IN&gl=IN&ceid=IN%3Aen,https://lh5.googleusercontent.com/proxy/qjO1rJKJGjFspdz2lOcUvFZ_gpN-FDMd1AZPO0NdOJnKEgvp-H2MGhVEI1RYQjDk1teLikQL2Yd6IQiRKMUQ0IHvm2DouDAtmLw5njyTJU2sM1uDDloI-QYFrU5Z9shjIz_hO1ZqblEYvn_-5g3tPXNrVVRe8XqlOOYAn_211Ve_eVg-J0KT0sScy2ytaQ-1p-9E22ipuvxDe-Yie28gSIJyq3mkr6Vh84ebLAAwzslUKGbPFg5Q0bG0BRWGvsrm__RjtFuaiFiJ=-p-df-h100-w100,,Charleston Post Courier
Mayor of London’s warning to ‘follow rules’ as Christmas shoppers flood Regent Street,hristmas shoppers in the capital this weekend have been urged to follow social-distancing measures and wear face coverings by the Mayor of London.,Yesterday,2020-12-12 20:17:00,news.google.com/./articles/CBMiUmh0dHBzOi8vd3d3LnN0YW5kYXJkLmNvLnVrL25ld3MvcG9saXRpY3Mvc2FkaXEta2hhbi13YXJuaW5nLWNocmlzdG1hcy1iMjc3OTA2Lmh0bWzSAVZodHRwczovL3d3dy5zdGFuZGFyZC5jby51ay9uZXdzL3BvbGl0aWNzL3NhZGlxLWtoYW4td2FybmluZy1jaHJpc3RtYXMtYjI3NzkwNi5odG1sP2FtcA?hl=en-IN&gl=IN&ceid=IN%3Aen,https://lh3.googleusercontent.com/proxy/g4mI2HRzS3JWMKBcgso0hS1EUtlsWWmUam40np0E_iJSbH3e_cEwiuglnLm67HnfN964rdhSwLil4aP2pZiVkb8kZauOpZ0mBw9tZWFUzjYCNSNDSnXSxGCwml1_RZyp0c2JA2L47tT6yKKEuylzLtKFc0pL4oWsxCdmnTWQPA=-p-df-h100-w100,,Evening Standard
'It's a disgrace' - Miles for Men charity founder slams state of Hartlepool's Stranton Cemetery as graves flooded,The founder of charity Miles for Men has called the state of a Hartlepool cemetery is a 'disgrace' as graves are flooded yet again.,2 days ago,2020-12-12 17:29:00,news.google.com/./articles/CBMilAFodHRwczovL3d3dy5oYXJ0bGVwb29sbWFpbC5jby51ay9uZXdzL3Blb3BsZS9pdHMtZGlzZ3JhY2UtbWlsZXMtbWVuLWNoYXJpdHktZm91bmRlci1zbGFtcy1zdGF0ZS1oYXJ0bGVwb29scy1zdHJhbnRvbi1jZW1ldGVyeS1ncmF2ZXMtZmxvb2RlZC0zMDY2MDcw0gGYAWh0dHBzOi8vd3d3LmhhcnRsZXBvb2xtYWlsLmNvLnVrL25ld3MvcGVvcGxlL2l0cy1kaXNncmFjZS1taWxlcy1tZW4tY2hhcml0eS1mb3VuZGVyLXNsYW1zLXN0YXRlLWhhcnRsZXBvb2xzLXN0cmFudG9uLWNlbWV0ZXJ5LWdyYXZlcy1mbG9vZGVkLTMwNjYwNzA_YW1w?hl=en-IN&gl=IN&ceid=IN%3Aen,https://lh3.googleusercontent.com/proxy/4stwuyfQ0Mxa2fVoen6e3-JTjGL_CyDbnAj6fzT8IzHzv87_A1a5dyC11wGAJbr8G5mcp03SJ4nQoCDD-h1pFAonBX3QgwdK9lrSBwmNSsLwUhBpOLjZkDDw6EexUDa5RYBizAjof8afIqraHo3tyLsCEhgoAuDxC7i7sXXLXgElw_eQsOFKAzTFz59xsusCIPU2YdM4hpzQxooHsx5JbLmZOx2O4LfzWjFXpQ=-p-df-h100-w100,,Hartlepool Mail
"Australia A vs India: Prithvi Shaw Fails To Impress In Tour Game, Memes Flood Twitter",Prithvi Shaw has failed to make an impression in the two tour games in Australia.,2 days ago,2020-12-12 15:43:00,news.google.com/./articles/CAIiEEQYhEBxhB_Fwbqd03ofXucqGQgEKhAIACoHCAow8ufcCjCPis8BMPXr5gU?hl=en-IN&gl=IN&ceid=IN%3Aen,https://lh3.googleusercontent.com/2KsHgA2ooTSnFT0zQcQOh45a7k02f3Nu2tMQ1rCbQ9WXxLQnZUnRgdj_ZT_85Fz1xX-ln8cTGQ-BICZKcfw=-p-df-h100-w100,,NDTV Sports
KCR meets Amit Shah seeking release of flood relief funds,KCR meets Amit Shah seeking release of flood relief fundsKCR meets Amit Shah seeking release of flood relief funds | The News Minute,2 days ago,2020-12-12 07:33:49,news.google.com/./articles/CAIiED_1tVFMm_asN1H3PFxIRo8qGQgEKhAIACoHCAow7pf_CjDdlfgCMOqH6gU?hl=en-IN&gl=IN&ceid=IN%3Aen,https://lh3.googleusercontent.com/PhhzlfMxobrFgG5Nhc6hUHXVQ57_hxJATRpeC2-p8FnuBsNeLmrKd7pMMNhTzs9m3JH3pqGeZyNezLNIf6o-=-p-df-h100-w100,,The News Minute
WA's northwest floods after huge downpour,Flood warnings have been issued for parts of inland Western Australia after a tropical low dumped heavy rain from the Pilbara to the South Australian border.,2 days ago,2020-12-12 05:10:36,news.google.com/./articles/CAIiEEPT7RB1UUvHgdb5YLuLwiYqGQgEKhAIACoHCAowuNyGCzCe2oQDMMOnjgY?hl=en-IN&gl=IN&ceid=IN%3Aen,https://lh3.googleusercontent.com/p0AaXurC6NK98JXHREpqsyfPy4YOrzRxmIRAuxD1uOQ9pt0auhnURlqI_MsERYFVriFmiT8EX7ZhkZaDjPo=-p-df-h100-w100,,The West Australian
Flood Advisory issued December 11 at 10:21PM CST until December 12 at 8:15AM CST by NWS Springfield MO,The National Weather *Service* in Springfield has issued a. * Flood Advisory for… Southeastern Pulaski County in central Missouri… Southwestern Phelps ...,2 days ago,2020-12-12 04:25:03,news.google.com/./articles/CBMinAFodHRwczovL2FiYzE3bmV3cy5jb20vd2VhdGhlci93ZWF0aGVyLWFsZXJ0LzIwMjAvMTIvMTEvZmxvb2QtYWR2aXNvcnktaXNzdWVkLWRlY2VtYmVyLTExLWF0LTEwMjFwbS1jc3QtdW50aWwtZGVjZW1iZXItMTItYXQtODE1YW0tY3N0LWJ5LW53cy1zcHJpbmdmaWVsZC1tby_SAQA?hl=en-IN&gl=IN&ceid=IN%3Aen,https://lh5.googleusercontent.com/proxy/qP1kBT9OTdL9Jb3Rp0g_04Tp1yyD7fbPhHWWG5SfQGYmnXcCk0p5LUBf_K_D0RQJUnemtY0B5F4UhXPXndacs7ce9ghkyusXJCumS9M8ME7JI9phs0ycX6Fu=-p-df-h100-w100,,ABC17News.com
Work underway to stop floods at popular walking spot,Everards,2 days ago,2020-12-12 04:00:00,news.google.com/./articles/CAIiEPwHeaugyD7yPrgAWAOLXH8qGQgEKhAIACoHCAowt72hCTDJ05YCMPzRkAM?hl=en-IN&gl=IN&ceid=IN%3Aen,https://lh3.googleusercontent.com/yZKPtc2JrX7vdgQbgeXfvbQQZbZc6ZGUywJDfPNF7GJETaIxEyo0bdeOtSbnnWpZ1ECqbp_yxPNIV5V6kv8=-p-df-h100-w100,,Leicestershire Live
"Ryots allege flood man-made, demand higher compensation",Nagpur: Two Chandrapur farmers have knocked the doors of high court here alleging that floods that hit Vidarbha's four districts on August 28-30 were .,2 days ago,2020-12-12 02:23:23,news.google.com/./articles/CAIiEKxqA7NylsVC87qWN6tZB9sqGQgEKhAIACoHCAowzrL9CjDC7vQCMKCT1wU?hl=en-IN&gl=IN&ceid=IN%3Aen,https://lh3.googleusercontent.com/wrSkQBRn_mePOA-hqSUhzsc_diPRq2eiA2J-ZtP1J42Hx_o7xLw7SzhhtZWSf7XlVccoDx9SrfoCIiXrL0qQ=-p-df-h100-w100,,Times of India
"Drainage tunnel nears approval, MUSC says, as system plans wide-ranging flood mitigation","A key mitigation project aimed at bailing out Charleston's medical district during major flooding events is headed for approval, and it's just one of the strategies ...",2 days ago,2020-12-11 22:34:00,news.google.com/./articles/CBMirAFodHRwczovL3d3dy5wb3N0YW5kY291cmllci5jb20vbmV3cy9kcmFpbmFnZS10dW5uZWwtbmVhcnMtYXBwcm92YWwtbXVzYy1zYXlzLWFzLXN5c3RlbS1wbGFucy13aWRlLXJhbmdpbmctZmxvb2QtbWl0aWdhdGlvbi9hcnRpY2xlXzU0YWNhMWM0LTNiYzUtMTFlYi05YThmLTEzZTdlNTdkODU0ZS5odG1s0gEA?hl=en-IN&gl=IN&ceid=IN%3Aen,https://lh3.googleusercontent.com/proxy/Jg33DRZb7u4A9D0o9vMb0gGBe_K6miUfveALN6YKjjkgfP1F1reM7rDe_MYhg8Nsxqobk22QFFgXljlli7mSYicDlJG3A8HKkZZAGyl6suMRAsuVnAU9ulFrYRcGaM2rFkX5twkp4ahFO7ZKupzuK3mVcl2zBswcI2PGJIujZJ3AgjfQcsvw_NKMMw9BxQ6lS49tGEmbjY3AkftO1rcq8sEERUfkC-LPShShXHAWGsZN3Acq5n1jQSm0rOZFg4RfJzdfwXepew_0=-p-df-h100-w100,,Charleston Post Courier
Hundreds of reports on businesses violating COVID rules flood Washington agencies daily,Hundreds of reports on businesses violating COVID rules flood Washington agencies dailyHundreds of complaints of COVID violations flood WA agencies | The OlympianVideo media,2 days ago,2020-12-11 21:57:54,news.google.com/./articles/CAIiENq-WTlo0jxMNI6z-zO9FccqGQgEKhAIACoHCAow2tmECzC5yYEDMIf8gwY?hl=en-IN&gl=IN&ceid=IN%3Aen,https://lh3.googleusercontent.com/eW6unX_rqj2DL3pHUE9D_eHKl2iXdwXZfr6Zc6kwBDZxW8a9K5VBCAkvt6shIlVXDYjz6_lxjHNK045Fk2g=-p-df-h100-w100,,The Olympian
Fort Mill neighbors say their flooded streets concerns aren't being heard by builders,"Neighbors in a Fort Mill neighborhood say they are tired of the flooding when it rain, and they are blaming the builder for improper drainage.",2 days ago,2020-12-11 20:45:00,news.google.com/./articles/CBMioAFodHRwczovL3d3dy53Y25jLmNvbS9hcnRpY2xlL25ld3MvaW52ZXN0aWdhdGlvbnMvZ2V0LW1jZ2ludHkvZmxvb2RlZC1zdHJlZXRzLXByb2JsZW0tZmFsbGluZy1vbi1kZWFmLWVhcnMtc2F5LW5laWdoYm9ycy8yNzUtMTFlOTk3MWMtNTcxYi00M2E3LWI1YzItNWNmMjA1MzBmYWEw0gGkAWh0dHBzOi8vd3d3LndjbmMuY29tL2FtcC9hcnRpY2xlL25ld3MvaW52ZXN0aWdhdGlvbnMvZ2V0LW1jZ2ludHkvZmxvb2RlZC1zdHJlZXRzLXByb2JsZW0tZmFsbGluZy1vbi1kZWFmLWVhcnMtc2F5LW5laWdoYm9ycy8yNzUtMTFlOTk3MWMtNTcxYi00M2E3LWI1YzItNWNmMjA1MzBmYWEw?hl=en-IN&gl=IN&ceid=IN%3Aen,https://lh3.googleusercontent.com/proxy/_iMoZylcWr1oMVMtg2OUX2dijG1uxcUCebR7mpeeC1cKhqdVJeJyk166M4Bl_VFFa5KAzBC5cX_8l8FIUISbNMwE9azORlI_5qdn46atbQXjkDCDIv4ro8NE-ZpJwGnW4QPh91uY6zndNv1zCKD3BGz1eEBu67BZQqEnRjoJJGDmTj4El0T2kzDNAk7Heo0xsps=-p-df-h100-w100,,WCNC.com
"Oakland Cemetery continues to flood, claimants hope lawsuit will get solution","Oakland Cemetery continues to flood, claimants hope lawsuit will get solutionfacebooktwitterinstagramrss",3 days ago,2020-12-11 16:49:24,news.google.com/./articles/CAIiEKTOlqqaS9EueJTyzwhWzosqGQgEKhAIACoHCAowjsP-CjDlzvYCMJmz3gU?hl=en-IN&gl=IN&ceid=IN%3Aen,https://lh3.googleusercontent.com/fIPbXqLkkP8XKRsr8jcXkSZg0OjN6S3Bh7c_mYFcX43TLBcxycamzst5bagyQ_U-ZmBGP_Ge6-lhu98SRy-1=-p-df-h100-w100,,WKMG News 6 & ClickOrlando
Plans for York flood storage area approved by planning chiefs,Ryedale District Council and City of York Council have both given their approval for plans for the flood storage area in York to go ahead.,3 days ago,2020-12-11 16:37:40,news.google.com/./articles/CBMiYGh0dHBzOi8vd3d3Lmdvdi51ay9nb3Zlcm5tZW50L25ld3MvcGxhbnMtZm9yLXlvcmstZmxvb2Qtc3RvcmFnZS1hcmVhLWFwcHJvdmVkLWJ5LXBsYW5uaW5nLWNoaWVmc9IBAA?hl=en-IN&gl=IN&ceid=IN%3Aen,https://lh5.googleusercontent.com/proxy/qFJ5ipTncuIPZValAguzrH8l_3XGqp3JCrCWxEbYarq3GSRiAEe2tj6vAeo6MTfhPV-z4yS4ze3LKiDjh4ceyttAwvQtBgSLefIVQPERzSa0tp8_AYD7qpyQjxpmVc9moFaacOLlooISjofTrzgZSvVpG5Xbr_-m2SjHe9xObEiiOqAYgeNM1y9eRjU6pNtQa-TXJeJ5TvsglD8xCtHC82bkUJPF38HEcCKva7p0ElqZvmI0vQ8F=-p-df-h100-w100,,GOV.UK
Climate change is flooding the remote north with light – and new species,The Arctic has been a remote place for much of its history. But climate change is bringing global problems and opportunities to its door.,3 days ago,2020-12-11 15:12:49,news.google.com/./articles/CAIiEH8oi2R3E-lJ4_TuSnQxZFsqGQgEKhAIACoHCAow6-PzCjD7sNQCMKLRwQY?hl=en-IN&gl=IN&ceid=IN%3Aen,https://lh3.googleusercontent.com/ZqwhuAr8tCSIFCbZcKIkljD16W-vDKphRGvyCpn0CQjOwJIT8hMMxIqwHzArIh5mpcJGhrLqbXaOcmzlft1a=-p-df-h100-w100,,PBS NewsHour
"It’s an upstream battle finding the good content in the flood, says Anupama Chopra","“I May Destroy You, Michaela Coel’s Hotstar series, is one of the gems I discovered on streaming networks this year. Gullak, on Sony Liv, is one I would surely have missed if not for a fellow critic’s tipoff,” Chopra says.",3 days ago,2020-12-11 13:16:04,news.google.com/./articles/CAIiEOlaQ-q6gljNxi_qZZx0YREqFggEKg4IACoGCAoww7k_MMevCDCT2gE?hl=en-IN&gl=IN&ceid=IN%3Aen,https://lh3.googleusercontent.com/ViIkYexhnqZCeq2f7ky9piBFDy-Ic8x6vH4S4ROvXPpT5K9uv47T6FgppbTnOnt-8hnDfG1KBkj2EHJF6-E=-p-df-h100-w100,,Hindustan Times
"Experts consider dozens of potential drainage projects along Clear Creek, Dickinson Bayou","Consultants and city officials are in the middle of a study that could result in major flood mitigation efforts in League City, Clear Lake, Pearland, Friendswood and ...",3 days ago,2020-12-11 12:00:00,news.google.com/./articles/CBMiqQFodHRwczovL2NvbW11bml0eWltcGFjdC5jb20vaG91c3Rvbi9wZWFybGFuZC1mcmllbmRzd29vZC9lbnZpcm9ubWVudC8yMDIwLzEyLzExL2V4cGVydHMtY29uc2lkZXItZG96ZW5zLW9mLXBvdGVudGlhbC1kcmFpbmFnZS1wcm9qZWN0cy1hbG9uZy1jbGVhci1jcmVlay1kaWNraW5zb24tYmF5b3Uv0gEA?hl=en-IN&gl=IN&ceid=IN%3Aen,https://lh6.googleusercontent.com/proxy/Av4EE0EExSs9D9gbL4ElkUeKQSERh_jOhd6HpqxOP1ZeTmLjySVQhPQMUkecAt7_Lgn3n-3kKu622oycUeZeGSwE-EEmVsPajEBazVnK_-WViCI=-p-df-h100-w100,,Community Impact Newspaper
Pensioner who took on Black isle flood menace hailed a hero for efforts,A 73-year old pensioner has spent days unblocking culverts to divert flood water away from his Ross-shire village.,3 days ago,2020-12-11 12:00:00,news.google.com/./articles/CBMieGh0dHBzOi8vd3d3LnJvc3Mtc2hpcmVqb3VybmFsLmNvLnVrL25ld3MvcGVuc2lvbmVyLXdoby10b29rLW9uLWJsYWNrLWlzbGUtZmxvb2QtbWVuYWNlLWhhaWxlZC1hLWhlcm8tZm9yLWVmZm9ydHMtMjIxMjc2L9IBAA?hl=en-IN&gl=IN&ceid=IN%3Aen,https://lh5.googleusercontent.com/proxy/fTeW7cbt9vYc5VRerm4n16-gH9w_EHO-UXMro_We7TDrx44_jo8YgXm1z4iLRPsI7hsdZxyDUUqtQ8b8p96daucXC3ztWAq9Zyu9zJBamYHwZ1CO-tHrVvS8=-p-df-h100-w100,,RossShire Journal
Frequently flooded road in Fargo's Lindenwood Park to be raised,The project will lift the road above many of the minor flood level to allow Fargo residents to use it for more of the year.,3 days ago,2020-12-11 12:00:00,news.google.com/./articles/CBMie2h0dHBzOi8vd3d3LmluZm9ydW0uY29tL25ld3MvZ292ZXJubWVudC1hbmQtcG9saXRpY3MvNjc5MzYzNy1GcmVxdWVudGx5LWZsb29kZWQtcm9hZC1pbi1GYXJnb3MtTGluZGVud29vZC1QYXJrLXRvLWJlLXJhaXNlZNIBAA?hl=en-IN&gl=IN&ceid=IN%3Aen,https://lh5.googleusercontent.com/proxy/hxQ8ZTZQ3r84g0MdCoKrWuzf3xSlyqahwo0OBF2EV4a7-rU3U1_LcaIAszB-hIPH2IJEVZrRN3HjpLP-mU7VOECpP0xutNaEjyGZD4aIJ3FdXJHPGk-km7_EHe1KI6Hn0lNJz50ydODpLF7v2sLs9lYX7ToC7ct_VvLe-1EOLXfA13a0JnJklHSy4ROifMbIStk=-p-df-h100-w100,,INFORUM
Meeting to be held about flooding in Garmouth,Get the Northern Scot sent to your inbox every week and swipe through an exact replica of the day's newspaper. SUBSCRIBE NOW ...,3 days ago,2020-12-11 11:02:00,news.google.com/./articles/CBMiWmh0dHBzOi8vd3d3Lm5vcnRoZXJuLXNjb3QuY28udWsvbmV3cy9tZWV0aW5nLXRvLWJlLWhlbGQtYWJvdXQtZmxvb2RpbmctaW4tZ2FybW91dGgtMjIxMjYyL9IBAA?hl=en-IN&gl=IN&ceid=IN%3Aen,https://lh6.googleusercontent.com/proxy/2L9NWHtNf0-IQroBoGFQieqTZQ3n_Q9AVNQ5egoIcQtB74TvDfVBsJrN9Iue_C_wMouXVcAXP1vESiNBYbiawdKcAkZoGjYyckAMNs32UgfCWT-q89o=-p-df-h100-w100,,Northern Scot
"Flash flood nightmare for residents, businesses","After a downpour, water would pool in this vacant land behind the food court in Jalan Tiong.",3 days ago,2020-12-11 10:50:00,news.google.com/./articles/CAIiEE5Tm7MQXBsPtT7rwN3OZYAqGQgEKhAIACoHCAow-N7eCjC60NYBMPKriAM?hl=en-IN&gl=IN&ceid=IN%3Aen,https://lh3.googleusercontent.com/TKNgSrdHO4n9JjaJf8pNlox-9v4uM2R4YZc-QqmHwwkY8fh74Y_4xu-I4-M2WK5BQqYfwPRHtyP_IZCQ0Q=-p-df-h100-w100,,The Star Online
$50 million National Flood Infrastructure Initiative Building on Resilience,The Australian Government has today announced the establishment of a $50 million National Flood Mitigation Infrastructure Fund to help Australian...,3 days ago,2020-12-11 05:04:16,news.google.com/./articles/CBMiZmh0dHBzOi8vd3d3Lm1pcmFnZW5ld3MuY29tLzUwLW1pbGxpb24tbmF0aW9uYWwtZmxvb2QtaW5mcmFzdHJ1Y3R1cmUtaW5pdGlhdGl2ZS1idWlsZGluZy1vbi1yZXNpbGllbmNlL9IBAA?hl=en-IN&gl=IN&ceid=IN%3Aen,https://lh5.googleusercontent.com/proxy/-U3HIRM2y_k48MJkIpX8y1CL3qI6Y3mav1obFDtERwulALp3Z-dXb2dhthfrFyoMubinSkV3bDX6SXf8RzUD3as3t0G_McdP14fTevXSoiKGVD7tpdUg2_n6NtCWyuaLj5-D=-p-df-h100-w100,,Mirage News
City to hold flood risk open house to educate residents and businesses on proposed flood map changes,"El Paso, Texas (KTSM) — The City of El Paso is holding three virtual presentations aimed at educating residents and businesses on how proposed flood map ...",3 days ago,2020-12-11 03:06:00,news.google.com/./articles/CBMiiwFodHRwczovL3d3dy5rdHNtLmNvbS9sb2NhbC9lbC1wYXNvLW5ld3MvY2l0eS1ob2xkcy1mbG9vZC1yaXNrLW9wZW4taG91c2UtdG8tZWR1Y2F0ZS1yZXNpZGVudHMtYW5kLWJ1c2luZXNzZXMtb24tcHJvcG9zZWQtZmxvb2QtbWFwLWNoYW5nZXMv0gGPAWh0dHBzOi8vd3d3Lmt0c20uY29tL2xvY2FsL2VsLXBhc28tbmV3cy9jaXR5LWhvbGRzLWZsb29kLXJpc2stb3Blbi1ob3VzZS10by1lZHVjYXRlLXJlc2lkZW50cy1hbmQtYnVzaW5lc3Nlcy1vbi1wcm9wb3NlZC1mbG9vZC1tYXAtY2hhbmdlcy9hbXAv?hl=en-IN&gl=IN&ceid=IN%3Aen,https://lh6.googleusercontent.com/proxy/gMfT21RssZDsYZowlYdaBpQX8dkdZSZZHFHP6n-MuDOqsE9FLIOHuZxO7Ywcmt4ahVQvRpexBB3VnCpoFT8kbdkuMI06b6C5xWWoNASAH1CXhqhZ5DAEjQ=-p-df-h100-w100,,KTSM 9 News
Officials call streamgage vital for flood management,"A little box on the Avenue I bridge does a lot of work. It's a streamgage that's been recording live data on the North Platte River for five years, part.",3 days ago,2020-12-11 02:45:00,news.google.com/./articles/CBMimgFodHRwczovL3N0YXJoZXJhbGQuY29tL25ld3MvbG9jYWwvZ292dC1hbmQtcG9saXRpY3Mvb2ZmaWNpYWxzLWNhbGwtc3RyZWFtZ2FnZS12aXRhbC1mb3ItZmxvb2QtbWFuYWdlbWVudC9hcnRpY2xlXzAyYjgyZjhjLTliN2MtNTlkNS1hYzI0LTcyMGQ3YmM4ZDEwMi5odG1s0gGeAWh0dHBzOi8vc3RhcmhlcmFsZC5jb20vbmV3cy9sb2NhbC9nb3Z0LWFuZC1wb2xpdGljcy9vZmZpY2lhbHMtY2FsbC1zdHJlYW1nYWdlLXZpdGFsLWZvci1mbG9vZC1tYW5hZ2VtZW50L2FydGljbGVfMDJiODJmOGMtOWI3Yy01OWQ1LWFjMjQtNzIwZDdiYzhkMTAyLmFtcC5odG1s?hl=en-IN&gl=IN&ceid=IN%3Aen,https://lh3.googleusercontent.com/proxy/Ix4kvjQ_nicIlDsUFMdq5jfz6ypyFsUcIydXl-tfTLVMfQ8ez1-4oJQl0YmKDj7GL4VuKVV8vHSC0jdExnBBxwmlA0YkxH0t6ZSYS_FGeMAodwzBt2zB0utNZYfzZUv3GcuUXv0GVhR3-xsX94p4Z_9wpj3rJIKAeXjSu3pzzOr3uVxd8fp2XkoqRk_vpmKjknOmqmpT57xItWwkYe_btSTF4_0iEFv4GWLsrEpfBDU2u2dPj34gErSvOmhvPDhxkwp3x_mDXY8XT37PJNe3ug7hcx9YtKpm6atYF3PZ2G8SJOeQr5Z3QDCZqFnQuhdntswR=-p-df-h100-w100,,Scottsbluff Star Herald
How 5 businesses are flood proofing their premises,has been allocated to 15 businesses to get them flood ready. Here are some of their stories.,3 days ago,2020-12-10 22:00:00,news.google.com/./articles/CBMiYGh0dHBzOi8vd3d3Lm5vcnRoZXJuc3Rhci5jb20uYXUvbmV3cy9ob3ctNS1idXNpbmVzc2VzLWFyZS1mbG9vZC1wcm9vZmluZy10aGVpci1wcmVtaXNlcy80MTU1ODU0L9IBAA?hl=en-IN&gl=IN&ceid=IN%3Aen,https://lh4.googleusercontent.com/proxy/hwzbXhsP6K229bpXAYjOJpDuaGzzm3f8ZhlRku2sdlV7iyp7dcUcSnWb4mDrjerOPsJK0fR3ki8HolMzgaEujSdhclmSInrC1h06d05sSDSXDtB0uqOuzrbsZzjAIzmM9kMhiwsU8lsr4m_fazpoGgyoPnFFPqblHknTUopszoV0pPTjr4mCKnKjSx4OvRBj=-p-df-h100-w100,,Northern Star
"When Will Venice Sink? The City Recently Flooded, Once Again",When will Venice officially sink? The tiny coastal town recently experienced yet another flood after the city's barriers failed to stop rushing waters.,4 days ago,2020-12-10 15:45:00,news.google.com/./articles/CBMiNGh0dHBzOi8vd3d3LmdyZWVubWF0dGVycy5jb20vcC93aGVuLXdpbGwtdmVuaWNlLXNpbmvSAQA?hl=en-IN&gl=IN&ceid=IN%3Aen,https://lh5.googleusercontent.com/proxy/WRcz6mWSL5ORvmVKWoPsz69qpf9dbuknfBIWJUlnsBTYtmkmeXz40APcS5VRLDQpwxXKlJP4s1mcZ3I0vfAYbxBmiHHqD4kR1E4WTzHttusO1JtBD7EHyr6C8bbX7luT6Du9KXMWuVXBw8PG5R4=-p-df-h100-w100,,Green Matters
Local businesses get flood ready with grants,Lismore City Council's Deputy Mayor Neil Marks today announced 15 Flood Ready grants for local businesses totally $250000. Cr Marks said the grants were...,4 days ago,2020-12-09 22:23:10,news.google.com/./articles/CBMiSGh0dHBzOi8vd3d3Lm1pcmFnZW5ld3MuY29tL2xvY2FsLWJ1c2luZXNzZXMtZ2V0LWZsb29kLXJlYWR5LXdpdGgtZ3JhbnRzL9IBAA?hl=en-IN&gl=IN&ceid=IN%3Aen,https://lh4.googleusercontent.com/proxy/mmjdEEg8IzzaBK5_5AOviaMEpqf-MK3OfnErlQWZ4Nrw4GL73BX5ZG_ZgWTeG6tsDuR7Xr_JuvMmjeu_FZodkTvQgDHmaP3woSC9QR6qo9YKou9r7_kidVamtK-X8WKeNLIxTPuCpJR-M7ziLX4UQg=-p-df-h100-w100,,Mirage News
Emergency $2.3 million project begins to stabilize Edenville Dam,"Near the Edenville Dam, crews are constructing a gravel access drive for access to the dam for work on the spillway.",6 days ago,2020-12-08 17:27:18,news.google.com/./articles/CAIiEAvw9Jkaux3-L1ogpcnbiL0qGQgEKhAIACoHCAowm96bCzDf6LMDMJLH3wY?hl=en-IN&gl=IN&ceid=IN%3Aen,https://lh3.googleusercontent.com/6bcbXqf-NV-fPXy_7UeKBuek0KRenD7Zv2kAxC2j9gWhILnsQFgcGehKDu-vK9iCSzBvcJpFHaH7Tg9RGQ=-p-df-h100-w100,,WJRT
The nation learning to embrace flooding,"As climate change is set to make flooding worse in Bangladesh, researchers are racing to find adaptations that balance their restorative and destructive powers.",12 days ago,2020-12-02 08:00:00,news.google.com/./articles/CBMiYGh0dHBzOi8vd3d3LmJiYy5jb20vZnV0dXJlL2FydGljbGUvMjAyMDEyMDEtYmFuZ2xhZGVzaC10aGUtZGV2YXN0YXRpbmctZmxvb2RzLWVzc2VudGlhbC1mb3ItbGlmZdIBAA?hl=en-IN&gl=IN&ceid=IN%3Aen,https://lh5.googleusercontent.com/proxy/yfQBzuIsVHPweBVVEcJJtrBNvKBjgQBVA5sHQmxug71OMa5toUQtcm4Sj5jXpATxVMLx0LWHQxCDd1DOmd7FMkJBD5t1cQ=-p-df-h100-w100,,BBC News
Thousands could lose insurance due to climate change,Tens of thousands of New Zealanders could find themselves living in flood-prone homes without insurance in 30 years' time.,12 days ago,2020-12-02 08:00:00,news.google.com/./articles/CBMiT2h0dHBzOi8vd3d3Lm5ld3Nyb29tLmNvLm56L3Rob3VzYW5kcy1jb3VsZC1sb3NlLWluc3VyYW5jZS1kdWUtdG8tY2xpbWF0ZS1jaGFuZ2XSAVVodHRwczovL3d3dy5uZXdzcm9vbS5jby5uei90aG91c2FuZHMtY291bGQtbG9zZS1pbnN1cmFuY2UtZHVlLXRvLWNsaW1hdGUtY2hhbmdlP2FtcD0x?hl=en-IN&gl=IN&ceid=IN%3Aen,https://lh6.googleusercontent.com/proxy/5lffrHrRXJ9EarkLifHUfCPS82Bp61Tq_7HCuoW54bszfgZtytMJrNGYNytX-LiUhPIiV8NlG6BugIXXl4t_AUqUhg2GA2NskTVJ2IN0cPT_2ycwTOmkmmaN4ZRcKNks2RmildPWOcA=-p-df-h100-w100,,Newsroom
How climate change could spark the next home mortgage disaster,"With its lively parks and colorful bungalows, Hialeah, Fla., has been the gateway to the American middle class for thousands of Cuban immigrants. Hialeah was ...",30 Nov,2020-11-30 09:30:39,news.google.com/./articles/CAIiEEKOBQtgi7klavJ-ebdQrfoqGQgEKhAIACoHCAow4Zn5CjCu8uACMLTRlgY?hl=en-IN&gl=IN&ceid=IN%3Aen,https://lh3.googleusercontent.com/dmRP39Yrff4tCHiR5c4Gf683LvrzuLD8wBdCuc-JydHJoKBoT7x4QJlJaLVAi7Gu2vTfepgwlSClwTA7bQ=-p-df-h100-w100,,POLITICO
Fears over the Durngate Flood Alleviation Scheme in Winchester,HAMPSHIRE Wildlife Trust has raised concerns about how a new flood management scheme will work. The trust fears the Durngate Flood Alleviation Scheme in ...,30 Nov,2020-11-30 08:00:00,news.google.com/./articles/CBMiZmh0dHBzOi8vd3d3LmhhbXBzaGlyZWNocm9uaWNsZS5jby51ay9uZXdzLzE4ODk3MzgwLmZlYXJzLWR1cm5nYXRlLWZsb29kLWFsbGV2aWF0aW9uLXNjaGVtZS13aW5jaGVzdGVyL9IBAA?hl=en-IN&gl=IN&ceid=IN%3Aen,https://lh5.googleusercontent.com/proxy/O8Xyfzsui_6ljeJutDG1Q0YjoNT6Y6wnbagYkwz4pwbW-sSpzG3DjHe9AxGGSJXATbB10x8BMLlCrXa7JbOJqWLYsQMjHeJVQddUFXEF6cOScoI=-p-df-h100-w100,,Hampshire Chronicle
‘We’re drowning’: COVID cases flood hospitals in America’s heartland,"(Reuters) - Dr. Drew Miller knew his patient had to be moved. The vital signs of the 30-year-old COVID-19 victim were crashing, and Kearny County Hospital in ...",30 Nov,2020-11-30 08:00:00,news.google.com/./articles/CAIiEGBlHYU285CyXJy7Gzr-1CUqFQgEKg0IACoGCAowt6AMMLAmMJSCDg?hl=en-IN&gl=IN&ceid=IN%3Aen,https://lh3.googleusercontent.com/A36I-eOlQwus84n3nxbs17TWQO-Fv3c_aqSf63dNWg2gDMMa_xMDgwHULpJCMGsKQIRzxtSBc276ekVJ6JIp=-p-df-h100-w100,,Reuters
"Sicamous flood protection plan, public walkway come with hefty price tag",New barrier against higher seasonal lake levels called a proactive approach by mayor.,29 Nov,2020-11-29 08:00:00,news.google.com/./articles/CBMiaGh0dHBzOi8vd3d3LnNhb2JzZXJ2ZXIubmV0L25ld3Mvc2ljYW1vdXMtZmxvb2QtcHJvdGVjdGlvbi1wbGFuLXB1YmxpYy13YWxrd2F5LWNvbWUtd2l0aC1oZWZ0eS1wcmljZS10YWcv0gEA?hl=en-IN&gl=IN&ceid=IN%3Aen,https://lh6.googleusercontent.com/proxy/NUfPvzpUralx7H95J6g2Ju-R22DuBAEaCz1TbWwXwZN2qx0x23XDZngBsyqtNEeidY05xrF8q833I_-LWAmThef5yHXSj4oT2gXtPO6mClpNZMyImumTNb8AlIJacWGOfIvOxnWBoZsaWaFLcGl_mbY9DHWSv--ZaEnkapjl-szrA_r8B2Q15n5xGAaH8uU_uJvFdQcArI18UZ2bBkmeWkrAhyk=-p-df-h100-w100,,Salmon Arm Observer
Covid and flooding: Rhondda Cynon Taf people 'need trauma support',One family whose house was ruined by floods in February say they are anxious whenever it rains.,26 Nov,2020-11-26 08:00:00,news.google.com/./articles/CBMiLGh0dHBzOi8vd3d3LmJiYy5jby51ay9uZXdzL3VrLXdhbGVzLTU1MDYyNDM40gEwaHR0cHM6Ly93d3cuYmJjLmNvLnVrL25ld3MvYW1wL3VrLXdhbGVzLTU1MDYyNDM4?hl=en-IN&gl=IN&ceid=IN%3Aen,https://lh5.googleusercontent.com/proxy/iyEnuzecxruCO-clChaIYLImeVQ-LgVCXWxbHbu2C0blYEAY3nFEsnTfk5IWDiYcLlJPZYhj8kMy5C17uesu6CCwDC1cFlTiBJW5o1CJGmk3XftetSpXiBTXJ_ML0bpDorBI_6A=-p-df-h100-w100,,BBC News
Head above the water: Man saves his caladium plant amid flood,"The recent typhoons, aside from the yet unbeaten COVID-19, have brought a heavy weight to the lives of many Filipinos. Amidst all this, others continue to bring ...",26 Nov,2020-11-26 08:00:00,news.google.com/./articles/CBMiXmh0dHBzOi8vbWIuY29tLnBoLzIwMjAvMTEvMjYvaGVhZC1hYm92ZS10aGUtd2F0ZXItbWFuLXNhdmVzLWhpcy1jYWxhZGl1bS1wbGFudC1hbWlkLXRoZS1mbG9vZC_SAQA?hl=en-IN&gl=IN&ceid=IN%3Aen,https://lh3.googleusercontent.com/proxy/aTffzMdS8Otl6bP4u1gjyLzT3DymKAc4AgbDAixru5u_0blqqkqkG0rIhhKtxpK-2bZXmXyajwDEaTJACPWB_QhiJ7RU43FLK1BLyVkVl5cSJu5odqRAIyrTag8xGBbqwb7i68A6Z_V5CSXwMpU1v5DJaxpVdxg1KmCnd8r-K3WwDx55zqv5IpXdNgWm2-UffW_TkBIc124MlimUUi84Rm5ipI5oclmZGPsr5tCmP67Y8bR24YtWJEhyL6rVRgpGTxcD1K9UbyfsS2H2N5NTDetELjc=-p-df-h100-w100,,Manila Bulletin
2020 Friday Medal Winner Dr. Dudley E. Flood Honored By Colleagues and Friends During Friday Medal Ceremony,"The Friday Institute for Educational Innovation honored Dudley E. Flood, Ed.D., during a virtual ceremony Nov. 19 with the Friday Medal award, which ...",25 Nov,2020-11-25 08:00:00,news.google.com/./articles/CBMijwFodHRwczovL2NlZC5uY3N1LmVkdS9uZXdzLzIwMjAvMTEvMjUvMjAyMC1mcmlkYXktbWVkYWwtd2lubmVyLWRyLWR1ZGxleS1lLWZsb29kLWhvbm9yZWQtYnktY29sbGVhZ3Vlcy1hbmQtZnJpZW5kcy1kdXJpbmctZnJpZGF5LW1lZGFsLWNlcmVtb255L9IBAA?hl=en-IN&gl=IN&ceid=IN%3Aen,https://lh5.googleusercontent.com/proxy/Ds-zn-HLxVX2JXZDiDHCQ8dOTVtb0r7kxibzNvh1Mz10OGnDimObHQ1GyKy2gb9nN7gOBSC4cx9C1m5KikZk7zVcbi0GwTxk4PRqmzUtlaBnJuA=-p-df-h100-w100,,NC State College of Education
COVID-19 response mission surpasses 2011 flood for largest and longest North Dakota National Guard activation in its history,"The North Dakota National Guard was activated on March 16, and hundreds of guardsmen have been on active duty for 248 consecutive days.",23 Nov,2020-11-23 08:00:00,news.google.com/./articles/CBMiuAFodHRwczovL3d3dy5ncmFuZGZvcmtzaGVyYWxkLmNvbS9uZXdzbWQvY29yb25hdmlydXMvNjc3NTQyNC1DT1ZJRC0xOS1yZXNwb25zZS1taXNzaW9uLXN1cnBhc3Nlcy0yMDExLWZsb29kLWZvci1sYXJnZXN0LWFuZC1sb25nZXN0LU5vcnRoLURha290YS1OYXRpb25hbC1HdWFyZC1hY3RpdmF0aW9uLWluLWl0cy1oaXN0b3J50gEA?hl=en-IN&gl=IN&ceid=IN%3Aen,https://lh3.googleusercontent.com/proxy/PsclicJwFBo_iKwuSU6d9ZY4K4wQwToCHyemf9IM4xhitVfO_uJYOpWDGuERegA7M9dZ-yO5sEEIgfOWWvVj1XP2fYYOI0aCcuv3vaQ5K5J12GMWqVyrhcOAOsPR-cOkvzDeDP0M29RwvLCUJfHLLDk2MyvA_rmmKIBlnCQQgDf54CXYxPoSpDH2VPnhsoq7xAFfIORlCn1DT6aziJ5_eNOgE5XW7fg-t5Qb=-p-df-h100-w100,,Grand Forks Herald
Flooding in Northern Luzon,"In the wake of three typhoons within a month, the Philippines provinces of Cagayan and Isabela have seen some of their worst flooding in decades.",19 Nov,2020-11-19 08:00:00,news.google.com/./articles/CBMiSmh0dHBzOi8vZWFydGhvYnNlcnZhdG9yeS5uYXNhLmdvdi9pbWFnZXMvMTQ3NTU0L2Zsb29kaW5nLWluLW5vcnRoZXJuLWx1em9u0gEA?hl=en-IN&gl=IN&ceid=IN%3Aen,https://lh5.googleusercontent.com/proxy/0DPEAN3EjKxE4MGN0DBWja9bCm99t6vDPkRIIP1JLSOZSHxPrNHTUE4dHSK80ek5NbBbgiEI7lFMvmnbOidut6qV_9sDvmZRbqsKJV61E5reGcgW1KCifT8yh_KoZ1IP36Qy7bvkeOSjfqOUGydUjYO7cA=-p-df-h100-w100,,nasa.gov
The small Michigan village that washed away is fighting back,"Sanford — The first three days after the flood, after picnic tables and recycling bins went floating past his house, Aaron Lindgren was so broken he couldn't talk ...",19 Nov,2020-11-19 08:00:00,news.google.com/./articles/CBMiiwFodHRwczovL3d3dy5kZXRyb2l0bmV3cy5jb20vc3RvcnkvbmV3cy9sb2NhbC9taWNoaWdhbi8yMDIwLzExLzE5L3NhbmZvcmQtZmxvb2QtZWRlbnZpbGxlLWRhbS1zaXgtbW9udGhzLXdpeG9tLWxha2UtZmVtYS1taWRsYW5kLzYzMjAwMzIwMDIv0gEqaHR0cHM6Ly9hbXAuZGV0cm9pdG5ld3MuY29tL2FtcC82MzIwMDMyMDAy?hl=en-IN&gl=IN&ceid=IN%3Aen,https://lh5.googleusercontent.com/proxy/cTlXr5B28QdRlUbfM6tUR9HoEW8GSX0bAYr8dPuCfDSl9FfniOH_eGeVGyKdz7cIbNF1fqwXARZrRSjHA_tqFn9x5PGlGAqx1Ghws7zTMxY5tJUJr0mBvowcT7gBB-FczxCs0eXqIsBaoVGQJqwDYYWinS3AgY4-1RIRzbSxw_7nBjEmbtzWdMnpe0F5LdiP1xDktyuIo2F83N2EjbGzQTnhOMNVrQI0Gr2mrDJ9eoweOutc-pqFMl6BQW6GFY0=-p-df-h100-w100,,The Detroit News
Rising but remembering – Ormoc years after the deadly flood - Vera Files,Ormoc was once devastated by a powerful typhoon. The painful experience taught the city valuable lessons that can be used in rebuilding communities ravaged ...,18 Nov,2020-11-18 06:53:47,news.google.com/./articles/CBMiUGh0dHBzOi8vdmVyYWZpbGVzLm9yZy9hcnRpY2xlcy9yaXNpbmctcmVtZW1iZXJpbmctb3Jtb2MteWVhcnMtYWZ0ZXItZGVhZGx5LWZsb29k0gEA?hl=en-IN&gl=IN&ceid=IN%3Aen,https://lh4.googleusercontent.com/proxy/pk_EZiH2Tsn81J7SApE8-LGduwVeP-aJHYLt7vr458RCjXfNjkZnebKnC1bk7BcQkoAnkK1mlDjA07iFspWgGkDewkSRL5yTQoH4z0PkFxwK1M76TpSCtgLtkEDjR8gC0zRCLrc=-p-df-h100-w100,,Vera Files
The Rising Tide Underfoot,Changing sea levels are pushing groundwater into new and problematic places.,17 Nov,2020-11-17 08:00:00,news.google.com/./articles/CBMiQWh0dHBzOi8vd3d3Lmhha2FpbWFnYXppbmUuY29tL2ZlYXR1cmVzL3RoZS1yaXNpbmctdGlkZS11bmRlcmZvb3Qv0gEA?hl=en-IN&gl=IN&ceid=IN%3Aen,https://lh6.googleusercontent.com/proxy/C7FeLFSER6kI_nyFbl4cNI4AuC_vwZaoBLFHcc8R6HfzKco1mj5c3Kinmw6vng_2OJmdWqasQcH49xb0X_hyblAH0A0PedgzRXCsfcJJet4uDLFcI4cDmwyHplUKQssTog=-p-df-h100-w100,,Hakai Magazine
"Explained: Why the 2,800 lakes in Hyderabad could not prevent a flood this year","Hyderabad's lakes were created for drinking water and irrigation purposes. Over the years, due to the expansion of the city, their original purpose was forgotten ...",28 Oct,2020-10-28 07:00:00,news.google.com/./articles/CAIiEIkbq_HkxfeJQWUc3ymdyGYqGAgEKg8IACoHCAow3rvTBDD89X4wwLbmBQ?hl=en-IN&gl=IN&ceid=IN%3Aen,https://lh3.googleusercontent.com/Gs7HxI5qrJ5EkjHT9RvyDInjWdwpmyLz52DsZaCOEw9Rx-bnpKucgnSG5BDvVnk0hNa-e5JqeY8BVrftTbR8=-p-df-h100-w100,,The Indian Express
How Hyderabad went from ‘flood-proof’ to frequently submerged in a century,"The Telangana govt acknowledges the role played by humans in exacerbating the impact of record rains this month, and claims to be taking steps to elevate the ...",24 Oct,2020-10-24 07:00:00,news.google.com/./articles/CBMidWh0dHBzOi8vdGhlcHJpbnQuaW4vaW5kaWEvZ292ZXJuYW5jZS9ob3ctaHlkZXJhYmFkLXdlbnQtZnJvbS1mbG9vZC1wcm9vZi10by1mcmVxdWVudGx5LXN1Ym1lcmdlZC1pbi1hLWNlbnR1cnkvNTI5NDcwL9IBeWh0dHBzOi8vdGhlcHJpbnQuaW4vaW5kaWEvZ292ZXJuYW5jZS9ob3ctaHlkZXJhYmFkLXdlbnQtZnJvbS1mbG9vZC1wcm9vZi10by1mcmVxdWVudGx5LXN1Ym1lcmdlZC1pbi1hLWNlbnR1cnkvNTI5NDcwLz9hbXA?hl=en-IN&gl=IN&ceid=IN%3Aen,https://lh6.googleusercontent.com/proxy/1yNMcPvhnfAs-7qYFW4BqLrl40VPi6vNIbLvgGPh6JJ0ei8UpMoyg2mcTvlPoLoBx1fvTNQvS2Gkjifp3Y8YH6H32Omd-Xq-OiYJSc71xzWbSnDucITreHOmog=-p-df-h100-w100,,ThePrint
"Heavy rains flood low-lying areas, disrupt traffic in Bengaluru","Heavy rains lashed parts of Bengaluru on Friday, leaving many areas waterlogged and traffic disrupted. Most parts of South Bengaluru were affected after rain.",24 Oct,2020-10-24 07:00:00,news.google.com/./articles/CAIiEN1zUGmR1ezAXgcbQlZ95-EqGAgEKg8IACoHCAow3rvTBDD89X4w8YzmBQ?hl=en-IN&gl=IN&ceid=IN%3Aen,https://lh3.googleusercontent.com/nvRDI4Si_MggK6drmDn2ST4jnT8W2JLPh2pwI-oHN8ZxcvnTyyZ4k_NaKyrl0dVyyDAVuEsRKVnWtrlAxVU=-p-df-h100-w100,,The Indian Express
More than 100 dead as Vietnam reels from 'worst floods in decades',play_arrow,21 Oct,2020-10-21 17:00:47,news.google.com/./articles/CAIiECqpehcjuZJyrX5zSkXDK1YqGQgEKhAIACoHCAowocv1CjCSptoCMPrTpgU?hl=en-IN&gl=IN&ceid=IN%3Aen,https://lh3.googleusercontent.com/ZhIe-OMBUOcwSMOkMUm8yYzHeEImr-dB8QHbrxZIG2cENcbiLJ8oCIprX9A7hl50vVwhhEhFVLr69JnMFr8=-p-df-h100-w100,,CNN
"So, just why did Hyderabad flood?",The answer lies in the city's old design not being in sync with its burgeoning size and population and the shrinking of its water bodies.,20 Oct,2020-10-20 07:00:00,news.google.com/./articles/CBMiUGh0dHBzOi8vd3d3LmRvd250b2VhcnRoLm9yZy5pbi9ibG9nL3dhdGVyL3NvLWp1c3Qtd2h5LWRpZC1oeWRlcmFiYWQtZmxvb2QtLTczODc10gEA?hl=en-IN&gl=IN&ceid=IN%3Aen,https://lh5.googleusercontent.com/proxy/Lk-Co-tS_BZ3BK0mSCOYz0ierdOQhF0SxLi_91ldt3ctJp4Ty4DM3-pqs-br_l8SzJ-5o2vTeRzIH8zexBerVmH1bB7jyXn21tQBz6CQZ10D0FA0uq73KfI_0ixX5cD-t1lH7aiE=-p-df-h100-w100,,Down To Earth Magazine
Rain floods several areas in Hyderabad overnight,"Another bout of very heavy rain after three days' gap left the city gasping, breaching its lakes and nalas, drowning several colonies, stranding people, cutting off ...",18 Oct,2020-10-18 07:00:00,news.google.com/./articles/CBMic2h0dHBzOi8vd3d3LnRoZWhpbmR1LmNvbS9uZXdzL2NpdGllcy9IeWRlcmFiYWQvcmFpbi1mbG9vZHMtc2V2ZXJhbC1hcmVhcy1pbi1oeWRlcmFiYWQtb3Zlcm5pZ2h0L2FydGljbGUzMjg4NzY3Ny5lY2XSAXhodHRwczovL3d3dy50aGVoaW5kdS5jb20vbmV3cy9jaXRpZXMvSHlkZXJhYmFkL3JhaW4tZmxvb2RzLXNldmVyYWwtYXJlYXMtaW4taHlkZXJhYmFkLW92ZXJuaWdodC9hcnRpY2xlMzI4ODc2NzcuZWNlL2FtcC8?hl=en-IN&gl=IN&ceid=IN%3Aen,https://lh6.googleusercontent.com/proxy/Ow_zySngvv1dipUb3b6UmAtjWtiES6wJLeYe3LGq_1AmBBG2shIM-Cq6Jd8opimu54F5iuv3MIyTpvIPmFpsoDMuSxptHt6k5eo9lmdig8zBJrEOg-2eCzNdZCBtg9ojaoH1iuer_H3_7aqGu8giSRJrSGKJqVs2cHAhbvmMvd6ungONk6pv1ig=-p-df-h100-w100,,The Hindu
Dealing with a deluge: On Hyderabad floods,"A deep monsoon depression over the west central Bay of Bengal, which weakened as it moved over Telangana, resulted in downpours over several districts in ...",16 Oct,2020-10-16 07:00:00,news.google.com/./articles/CBMifGh0dHBzOi8vd3d3LnRoZWhpbmR1LmNvbS9vcGluaW9uL2VkaXRvcmlhbC9kZWFsaW5nLXdpdGgtYS1kZWx1Z2UtdGhlLWhpbmR1LWVkaXRvcmlhbC1vbi1oeWRlcmFiYWQtZmxvb2RzL2FydGljbGUzMjg2NTUwNC5lY2XSAYEBaHR0cHM6Ly93d3cudGhlaGluZHUuY29tL29waW5pb24vZWRpdG9yaWFsL2RlYWxpbmctd2l0aC1hLWRlbHVnZS10aGUtaGluZHUtZWRpdG9yaWFsLW9uLWh5ZGVyYWJhZC1mbG9vZHMvYXJ0aWNsZTMyODY1NTA0LmVjZS9hbXAv?hl=en-IN&gl=IN&ceid=IN%3Aen,https://lh5.googleusercontent.com/proxy/tb4EVyHI2EkwntaYhg3xCNQ58F1h7iAJuCt7PgmV1JusJcnjuMPD_wLCYIvI124M6M79CfCFUpQpT2utKl8H_J8xcB8b1IPDHlwSuDwrjnk6RQzs4-Q=-p-df-h100-w100,,The Hindu
Mumbai sees emergence of new flood-prone areas,"The torrential rain in Mumbai caused unprecedented flooding in various parts of the city. However, unlike in the past, this year's monsoon rain seems to have ...",25 Sep,2020-09-25 07:00:00,news.google.com/./articles/CAIiECp9sGMBiwqMr4pfCY5xQeUqGAgEKg8IACoHCAow3rvTBDD89X4w8YzmBQ?hl=en-IN&gl=IN&ceid=IN%3Aen,https://lh3.googleusercontent.com/Bt4eEdr_U7jHNWOR3jm87TBTia5YhTLsWT6l3Pt5rkdmyDxiCXuf85abzl_lfAKOb2bEJZJk5Y3vQa0kNWum=-p-df-h100-w100,,The Indian Express
Floods in Andhra Pradesh | A wave of concerns,Woes of people continue as successive governments fail in flood management.,23 Sep,2020-09-23 07:00:00,news.google.com/./articles/CBMiXWh0dHBzOi8vd3d3LnRoZWhpbmR1LmNvbS9uZXdzL25hdGlvbmFsL2FuZGhyYS1wcmFkZXNoL2EtZmxvb2Qtb2YtY29uY2VybnMvYXJ0aWNsZTMyNjcyNzEzLmVjZdIBYmh0dHBzOi8vd3d3LnRoZWhpbmR1LmNvbS9uZXdzL25hdGlvbmFsL2FuZGhyYS1wcmFkZXNoL2EtZmxvb2Qtb2YtY29uY2VybnMvYXJ0aWNsZTMyNjcyNzEzLmVjZS9hbXAv?hl=en-IN&gl=IN&ceid=IN%3Aen,https://lh4.googleusercontent.com/proxy/0pRvHxpJuXPqZm0thE4SE6se-t_B2quf6c2gf91rFXp0hjOTUHCJq7RJCUf3ZzEBZ9ERRFRUl5qhc2OicvStqSd3-hRKLJT5NmcxuJ-ggxozPCE293RXlh9Yvh1gbZ501eQcX6mgyR3oA2-KaiKdbs49fAB7MzshxUD8SYXYcjJEBwpumkE2GYC98g=-p-df-h100-w100,,The Hindu
Why do Indian cities flood every year?,India has witnessed severe flooding and water logging in its cities this year all over again. Be it maximum city Mumbai or tech city of Bengaluru or Gurugram ...,21 Sep,2020-09-21 07:00:00,news.google.com/./articles/CBMiWWh0dHBzOi8vd3d3LmNuYmN0djE4LmNvbS9pbmZyYXN0cnVjdHVyZS93aHktZG8taW5kaWFuLWNpdGllcy1mbG9vZC1ldmVyeS15ZWFyLTY5NzM0MzEuaHRt0gFdaHR0cHM6Ly93d3cuY25iY3R2MTguY29tL2luZnJhc3RydWN0dXJlL3doeS1kby1pbmRpYW4tY2l0aWVzLWZsb29kLWV2ZXJ5LXllYXItNjk3MzQzMS5odG0vYW1w?hl=en-IN&gl=IN&ceid=IN%3Aen,https://lh3.googleusercontent.com/proxy/llG1YWqwidgAOMdvgzoanr4SyEyhPYG1ZTv-P6GVu47KaPPd6e7R9zLyfoBrJgrgleljaJBLO1AgBAyKx1UTRXZaOFiKYhKTTTCrBz9_1xcK3txY4UaUeZvQ7NN-IGIHuRdTWalxtg=-p-df-h100-w100,,CNBCTV18
Were the dams or the rains responsible for the east Vidarbha floods?,"The eastern Vidarbha region of Maharashtra flooded heavily in the last week of August. Extremely heavy rainfall in Madhya Pradesh led to swollen reservoirs, ...",18 Sep,2020-09-18 07:00:00,news.google.com/./articles/CBMibmh0dHBzOi8vaW5kaWEubW9uZ2FiYXkuY29tLzIwMjAvMDkvdG8tZGFtLW9yLW5vdC10by1kYW0tZmxvb2RzLWluLWVhc3Rlcm4tdmlkYXJiaGEtcmFpc2UtdGhlLXBlcmVubmlhbC1kZWJhdGUv0gEA?hl=en-IN&gl=IN&ceid=IN%3Aen,https://lh4.googleusercontent.com/proxy/vTtTE7vwuEa8W9--GZE-qvpH29cuUdQ5j68uaQ1cLT06qpBxkQHQrj_FYqf2Lkb-Fz8lLzNEYROGZsd9a2SPcn8whGpkEMoO8n-qglqJcWhKgXaoTS1mhGgdlEQ8-8emvPysLryHMcOWFVERxQCc_bk=-p-df-h100-w100,,Mongabay-India
What To Do If Your Car Is Caught In A Flood,"If your car is partially or fully submerged in flood water and you don't have the right type of car insurance, you could be stuck with costly repair bills or, worse, ...",10 Sep,2020-09-10 07:00:00,news.google.com/./articles/CBMiOWh0dHBzOi8vd3d3LmZvcmJlcy5jb20vYWR2aXNvci9jYXItaW5zdXJhbmNlL2Zsb29kZWQtY2FyL9IBAA?hl=en-IN&gl=IN&ceid=IN%3Aen,https://lh6.googleusercontent.com/proxy/s_Cxpj3M0SelIeTCMQKis5Kd1JJvaradYqjFs7vkf-dNjrrHNnGwWFmFQr9WMVSfHNJYTE9DY7rrdxgzdXx3L7Q0IDkFEmQcYjvfFWHtRYjAKv-9zgtThHVmp1RYFXMxb9I3si5t3kINXleVGSlrKN4vo0ocTP0UKVM=-p-df-h100-w100,,Forbes
Flood prone communities in Bangladesh are struggling to cope with monsoon and Coronavirus impacts,"By Afsari Begum, Tapan Titum Karmoker, Shafiqul Islam, Nazmul Huda. Bangladesh and its people are facing the combined threat of monsoon rains and ...",2 Sep,2020-09-02 07:00:00,news.google.com/./articles/CBMiJmh0dHBzOi8vd3d3LnByZXZlbnRpb253ZWIubmV0L2dvLzczNDUw0gEA?hl=en-IN&gl=IN&ceid=IN%3Aen,https://lh3.googleusercontent.com/proxy/ZEENBNoenekSjX1ZJwY1SR0vOfCMP4mx089tHO2h9nhFZSmAjX_QOllRNZZcwqWZhz6Cac4YjPwPQi8Ks4X0Ee__XHrWzdXprZUh=-p-df-h100-w100,,PreventionWeb
Coronavirus restrictions 'severely hampering' South Asia flood relief,Humanitarian agencies warn that coronavirus restrictions are slowing down Monsoon relief efforts.,25 Aug,2020-08-25 07:00:00,news.google.com/./articles/CBMiLGh0dHBzOi8vd3d3LmJiYy5jb20vbmV3cy93b3JsZC1hc2lhLTUzODY5MzIy0gEwaHR0cHM6Ly93d3cuYmJjLmNvbS9uZXdzL2FtcC93b3JsZC1hc2lhLTUzODY5MzIy?hl=en-IN&gl=IN&ceid=IN%3Aen,https://lh6.googleusercontent.com/proxy/mOqwQOmBotDrlgbJ1wbFTNPWiuQcNELNmaU-4jL4FhHW-kefxF4JsdsfZnPP-q9uI_E6VpTh2-0SxL7rFakjBVLP8UAtBJkI6I6ZVF2CwvdZhuyiByBtQuJDq2TBCOhuDo1tV3MpeNrP17e77CwUejfqwPt44Q7FfcDp9XdPvynDm24=-p-df-h100-w100,,BBC News
"Heavy rains flood parts of New Delhi, triggering chaos",Parts of New Delhi and its suburbs submerged in water as South Asia monsoon leaves nearly 1300 people dead.,20 Aug,2020-08-20 07:00:00,news.google.com/./articles/CBMiXmh0dHBzOi8vd3d3LmFsamF6ZWVyYS5jb20vbmV3cy8yMDIwLzgvMjAvaGVhdnktcmFpbnMtZmxvb2QtcGFydHMtb2YtbmV3LWRlbGhpLXRyaWdnZXJpbmctY2hhb3PSAWJodHRwczovL3d3dy5hbGphemVlcmEuY29tL2FtcC9uZXdzLzIwMjAvOC8yMC9oZWF2eS1yYWlucy1mbG9vZC1wYXJ0cy1vZi1uZXctZGVsaGktdHJpZ2dlcmluZy1jaGFvcw?hl=en-IN&gl=IN&ceid=IN%3Aen,https://lh3.googleusercontent.com/proxy/GHVgEhdtPEdc3Eyfr4_EnUUwYjJ6RkOwmGGQBCSy_9RjUcCenFQ2maXVbYxkQxZuQx-3uOfdjxP0q3uOHb2u8frOmuK362f6jN6jmN_ybXAlmkV7RLVM2PYsEzZdMvJQtVHiW4Gr0_eG8r2UReGclkKP4-aMhQKHITPLtVYs=-p-df-h100-w100,,Aljazeera.com
868 people killed in floods in 11 states: Govt,"A very active monsoon from August 11 to 14, which brought widespread rain to northwest and central India, has wiped out the rainfall deficit that prevailed at the ...",17 Aug,2020-08-17 07:00:00,news.google.com/./articles/CBMicmh0dHBzOi8vd3d3LmhpbmR1c3RhbnRpbWVzLmNvbS9pbmRpYS1uZXdzLzg2OC1raWxsZWQtaW4tZmxvb2RzLWluLTExLXN0YXRlcy1nb3Z0L3N0b3J5LXZGUHV5T2J1QThKc2NjUVhSNHRvcUouaHRtbNIBdGh0dHBzOi8vbS5oaW5kdXN0YW50aW1lcy5jb20vaW5kaWEtbmV3cy84Njgta2lsbGVkLWluLWZsb29kcy1pbi0xMS1zdGF0ZXMtZ292dC9zdG9yeS12RlB1eU9idUE4SnNjY1FYUjR0b3FKX2FtcC5odG1s?hl=en-IN&gl=IN&ceid=IN%3Aen,https://lh6.googleusercontent.com/proxy/hNzkxS1eUTbQ4w0hJCoAkMsEwHCFVK_3Bld5p1XBkfbvuFAoj8urG-3P8MfcBAbvu2jHVFx8D0iWvLpXfx_M8zjcSRpZLQbnBkjUZmUJVcTZWkMkESn43fB1KUMBQzEGwra7ePLjQmvUX7cv6OVN2yXpCKe_Ft09QihQXorXbEfkxeN1JyYAKSFtv2vm6amXviyIDMfyCkeDLOtgxUYQdgkpKQ=-p-df-h100-w100,,Hindustan Times
Floods across the country highlight need for a robust flood management structure,"Floods in India are turning more severe, unpredictable and rather intractable. In 2018 alone, India suffered damages worth over Rs. 950 billion due to floods.",13 Aug,2020-08-13 07:00:00,news.google.com/./articles/CBMidGh0dHBzOi8vaW5kaWEubW9uZ2FiYXkuY29tLzIwMjAvMDgvZmxvb2RzLWFjcm9zcy10aGUtY291bnRyeS1oaWdobGlnaHQtbmVlZC1mb3ItYS1yb2J1c3QtZmxvb2QtbWFuYWdlbWVudC1zdHJ1Y3R1cmUv0gEA?hl=en-IN&gl=IN&ceid=IN%3Aen,https://lh6.googleusercontent.com/proxy/YtQgx0NhOkn4EhJUeQ4hB0EoHVNVDi6CPPE4K4ECOIkztFrjxmUduQnRw4GueQ3dRV_H7tF-8Lqoa_-xjQ2En2qjyeDoOR3U99wBz3FuJreS48mc26xvV60SEaN5nperzKPsn_uz=-p-df-h100-w100,,Mongabay-India
Mumbai flood breaches new frontiers,Monsoon flooding in Mumbai has become an annual phenomenon. This year though the floods reached areas that have never witnessed flooding. The activists ...,12 Aug,2020-08-12 07:00:00,news.google.com/./articles/CBMiR2h0dHBzOi8vaW5kaWEubW9uZ2FiYXkuY29tLzIwMjAvMDgvbXVtYmFpLWZsb29kLWJyZWFjaGVzLW5ldy1mcm9udGllcnMv0gEA?hl=en-IN&gl=IN&ceid=IN%3Aen,https://lh3.googleusercontent.com/proxy/hWMJP72T4fXWXYa-PaS-qJBEW7XhJ8g0YuBpU1bryEIUuWTbkp53MRu5fHnW2196_cT8YhBGInI_Kh_qyWiu4ojV85l6xbzZCmCP8lNeIuyV474-UTdCsBm3jMAaGgQZVUZA3QxSz6Up=-p-df-h100-w100,,Mongabay-India
2018 vs 2020: How Kerala was Better Prepared for The Floods & Saved Lives,"From frequent live sessions on social media pages to arranging volunteers for rescue operations, here's all that Kerala has been doing for the floods 2020.",10 Aug,2020-08-10 07:00:00,news.google.com/./articles/CBMinAFodHRwczovL3d3dy50aGViZXR0ZXJpbmRpYS5jb20vMjM1MTY3L2tlcmFsYS0yMDIwLWZsb29kcy1zdGVwcy1jb2xsZWN0b3ItcmVzY3VlLXJlbGllZi1jYW1wcy1wYi1ub29oLWhlYXZ5LXJhaW5mYWxsLWxhbmRzbGlkZXMtcHJlcGFyYXRpb25zLWluZm9wb3N0LXNlcjEwNi_SAaABaHR0cHM6Ly93d3cudGhlYmV0dGVyaW5kaWEuY29tLzIzNTE2Ny9rZXJhbGEtMjAyMC1mbG9vZHMtc3RlcHMtY29sbGVjdG9yLXJlc2N1ZS1yZWxpZWYtY2FtcHMtcGItbm9vaC1oZWF2eS1yYWluZmFsbC1sYW5kc2xpZGVzLXByZXBhcmF0aW9ucy1pbmZvcG9zdC1zZXIxMDYvYW1wLw?hl=en-IN&gl=IN&ceid=IN%3Aen,https://lh5.googleusercontent.com/proxy/ASBZaDZJrSJJQnUnPa_NKTQ_bBBkQXg442CACgdGpC2D9bVQlzyvmlTcaZFjub_ZinN8rz7M8YVCqrEizWyrAKekbyWXGvBHX40gXqcaDpJHSi-sIAUjGa4gprrXGRqfOPTgTwhdRS7JKc-eNtmx=-p-df-h100-w100,,The Better India
Permanent relief centres to set up in 10 flood-prone districts,"They will have separate accommodation facilities for men and women, besides hospitals and dining halls.",10 Aug,2020-08-10 07:00:00,news.google.com/./articles/CBMigwFodHRwczovL3d3dy50aGVoaW5kdS5jb20vbmV3cy9uYXRpb25hbC9rYXJuYXRha2EvcGVybWFuZW50LXJlbGllZi1jZW50cmVzLXRvLXNldC11cC1pbi0xMC1mbG9vZC1wcm9uZS1kaXN0cmljdHMvYXJ0aWNsZTMyMzE3MDAyLmVjZdIBiAFodHRwczovL3d3dy50aGVoaW5kdS5jb20vbmV3cy9uYXRpb25hbC9rYXJuYXRha2EvcGVybWFuZW50LXJlbGllZi1jZW50cmVzLXRvLXNldC11cC1pbi0xMC1mbG9vZC1wcm9uZS1kaXN0cmljdHMvYXJ0aWNsZTMyMzE3MDAyLmVjZS9hbXAv?hl=en-IN&gl=IN&ceid=IN%3Aen,https://lh5.googleusercontent.com/proxy/tb4EVyHI2EkwntaYhg3xCNQ58F1h7iAJuCt7PgmV1JusJcnjuMPD_wLCYIvI124M6M79CfCFUpQpT2utKl8H_J8xcB8b1IPDHlwSuDwrjnk6RQzs4-Q=-p-df-h100-w100,,The Hindu
Bengaluru braces up for urban flooding,"While flood engulfs parts of the state, Bengaluru along with other regions also gears up to tackle flood.",8 Aug,2020-08-08 07:00:00,news.google.com/./articles/CBMiZ2h0dHBzOi8vd3d3LmRlY2NhbmNocm9uaWNsZS5jb20vbmF0aW9uL2luLW90aGVyLW5ld3MvMDgwODIwL2JlbmdhbHVydS1icmFjZXMtdXAtZm9yLXVyYmFuLWZsb29kaW5nLmh0bWzSAWtodHRwczovL3d3dy5kZWNjYW5jaHJvbmljbGUuY29tL2FtcC9uYXRpb24vaW4tb3RoZXItbmV3cy8wODA4MjAvYmVuZ2FsdXJ1LWJyYWNlcy11cC1mb3ItdXJiYW4tZmxvb2RpbmcuaHRtbA?hl=en-IN&gl=IN&ceid=IN%3Aen,https://lh4.googleusercontent.com/proxy/i42UvusGakh0aS1ekXS-6dqSy3By-8wgVN7KwGBFgj9frqjGE-AIZySiaQvaiI8Hcs6dDbYyYbi-7bE9z6aIvD6kzzsLYUiIHfSYuMiTmDPKpR3XRtI2FMH0bwE6gdBXaNHP0h24FYfBU25lZFmV2gsd__j9_dztM3o4-YiFCLJNuRfwoSX-7mrYT10GaxtnZEU=-p-df-h100-w100,,Deccan Chronicle
Mumbai rains: How to protect your car from flood damage,"With heavy rains anticipated in Mumbai and many other parts of the country, vehicles are at the risk of suffering heavy damage due to flooding. But here is a nifty ...",4 Aug,2020-08-04 10:17:00,news.google.com/./articles/CAIiEJDvfck-tXxFa9kouk9R59QqGQgEKhAIACoHCAowr6n9CjCr4PQCMP3U2QY?hl=en-IN&gl=IN&ceid=IN%3Aen,https://lh3.googleusercontent.com/tx9a4ZkrKR3QhRNISXgX8Oju-A1Lvu9y-pITDihWEzemJZ3BaFKmhGsvkXIwehjHLgmE5ipNXFWOcJ3nXOM=-p-df-h100-w100,,Times Now
Assam flood 2020 photos: More than 2.8 million people affected in 26 districts as situation worsens,"With more than 2.8 lakh people being affected and more than 90 dead, the flood condition is worsening every day in Assam. These photos highlight the havoc ...",26 Jul,2020-07-26 07:00:00,news.google.com/./articles/CBMifGh0dHBzOi8vd3d3LnRpbWVzbm93bmV3cy5jb20vaW5kaWEvcGhvdG8tZ2FsbGVyeS9hc3NhbS1mbG9vZC0yMDIwLXBob3Rvcy00NS1sYWtoLXBlb3BsZS1hZmZlY3RlZC1hcy1zaXR1YXRpb24td29yc2Vucy82MjE5MjTSAQA?hl=en-IN&gl=IN&ceid=IN%3Aen,https://lh5.googleusercontent.com/proxy/Hp9gMYZKsfBgu28A2YKofoHKR20Yga1T2lThj_wS-bGvqmMyvtk7K7Zy46PLrTDoc4a4XInpkyw79E3Ws33K42V6Xf-Jxq7KQbHQH8l-oMlT1ebhCZ7zm344RheaJA=-p-df-h100-w100,,Times Now
"IFLOWS-Mumbai: How it works, and how it will benefit the Maximum City",IFLOWS is a monitoring and flood warning system that will be able to relay alerts of possible flood-prone areas anywhere between six to 72 hours in advance.,19 Jun,2020-06-19 07:00:00,news.google.com/./articles/CAIiEJuKRrviSRSU8thrHydVGwIqGAgEKg8IACoHCAow3rvTBDD89X4wwLbmBQ?hl=en-IN&gl=IN&ceid=IN%3Aen,https://lh3.googleusercontent.com/Kl-GyehxtKPXYP5LqNgnvcn-aDZFpgJNE1g76BXZYf7RCe5behIKsf8ZZO8CBB8ryVAN5sBm4KloUCnxEyw=-p-df-h100-w100,,The Indian Express
"Assam Flood-Affected Tally Jumps To 30,000 Amid Biggest COVID-19 Spike",NDRF personnel rescue flood-affected people at Lakhirpur area in Goalpara district,26 May,2020-05-26 07:00:00,news.google.com/./articles/CAIiEL-Qwo5gan54X_SJDP3fMdAqGQgEKhAIACoHCAowj8n_CjDIrfkCMILSxQY?hl=en-IN&gl=IN&ceid=IN%3Aen,https://lh3.googleusercontent.com/PuOH_2HuF71FJAlJMd91i7xeK_bu8KxexCEOwRGPpX_o0rRryYSM8rDSsrjxIVrPhbfVAt-MvL226GY8wg=-p-df-h100-w100,,NDTV
